# Goxel 0.15.1
v 1 0 -1 0.843137 0.482353 0.729412
v 2 0 -1 0.843137 0.482353 0.729412
v 2 1 -1 0.843137 0.482353 0.729412
v 1 1 -1 0.843137 0.482353 0.729412
v 1 0 -2 0.843137 0.482353 0.729412
v 2 0 -2 0.843137 0.482353 0.729412
v 1 1 -2 0.843137 0.482353 0.729412
v 3 0 -1 0.843137 0.482353 0.729412
v 3 1 -1 0.843137 0.482353 0.729412
v 3 0 -2 0.843137 0.482353 0.729412
v 3 1 -2 0.843137 0.482353 0.729412
v 5 0 -1 0.843137 0.482353 0.729412
v 6 0 -1 0.843137 0.482353 0.729412
v 6 1 -1 0.843137 0.482353 0.729412
v 5 1 -1 0.843137 0.482353 0.729412
v 5 0 -2 0.843137 0.482353 0.729412
v 6 0 -2 0.843137 0.482353 0.729412
v 5 1 -2 0.843137 0.482353 0.729412
v 7 0 -1 0.843137 0.482353 0.729412
v 7 1 -1 0.843137 0.482353 0.729412
v 7 0 -2 0.843137 0.482353 0.729412
v 7 1 -2 0.843137 0.482353 0.729412
v 13 0 -1 0.388235 0.607843 1.000000
v 14 0 -1 0.388235 0.607843 1.000000
v 14 1 -1 0.388235 0.607843 1.000000
v 13 1 -1 0.388235 0.607843 1.000000
v 13 0 -2 0.388235 0.607843 1.000000
v 14 0 -2 0.388235 0.607843 1.000000
v 13 1 -2 0.388235 0.607843 1.000000
v 15 0 -1 0.388235 0.607843 1.000000
v 15 1 -1 0.388235 0.607843 1.000000
v 15 0 -2 0.388235 0.607843 1.000000
v 15 1 -2 0.388235 0.607843 1.000000
v 1 0 -3 0.843137 0.482353 0.729412
v 2 0 -3 0.843137 0.482353 0.729412
v 2 1 -2 0.843137 0.482353 0.729412
v 2 1 -3 0.843137 0.482353 0.729412
v 1 1 -3 0.843137 0.482353 0.729412
v 3 0 -3 0.843137 0.482353 0.729412
v 3 1 -3 0.843137 0.482353 0.729412
v 5 0 -3 0.843137 0.482353 0.729412
v 6 0 -3 0.843137 0.482353 0.729412
v 6 1 -2 0.843137 0.482353 0.729412
v 6 1 -3 0.843137 0.482353 0.729412
v 5 1 -3 0.843137 0.482353 0.729412
v 7 0 -3 0.843137 0.482353 0.729412
v 7 1 -3 0.843137 0.482353 0.729412
v 13 0 -3 0.388235 0.607843 1.000000
v 14 0 -3 0.388235 0.607843 1.000000
v 14 1 -2 0.388235 0.607843 1.000000
v 14 1 -3 0.388235 0.607843 1.000000
v 13 1 -3 0.388235 0.607843 1.000000
v 15 0 -3 0.388235 0.607843 1.000000
v 15 1 -3 0.388235 0.607843 1.000000
v 2 0 -4 0.843137 0.482353 0.729412
v 1 0 -4 0.843137 0.482353 0.729412
v 1 1 -4 0.843137 0.482353 0.729412
v 2 1 -4 0.843137 0.482353 0.729412
v 3 0 -4 0.843137 0.482353 0.729412
v 3 1 -4 0.843137 0.482353 0.729412
v 6 0 -4 0.843137 0.482353 0.729412
v 5 0 -4 0.843137 0.482353 0.729412
v 5 1 -4 0.843137 0.482353 0.729412
v 6 1 -4 0.843137 0.482353 0.729412
v 7 0 -4 0.843137 0.482353 0.729412
v 7 1 -4 0.843137 0.482353 0.729412
v 14 0 -4 0.388235 0.607843 1.000000
v 13 0 -4 0.388235 0.607843 1.000000
v 13 1 -4 0.388235 0.607843 1.000000
v 14 1 -4 0.388235 0.607843 1.000000
v 15 0 -4 0.388235 0.607843 1.000000
v 15 1 -4 0.388235 0.607843 1.000000
v 1 0 -5 0.843137 0.482353 0.729412
v 2 0 -5 0.843137 0.482353 0.729412
v 2 1 -5 0.843137 0.482353 0.729412
v 1 1 -5 0.843137 0.482353 0.729412
v 1 0 -6 0.843137 0.482353 0.729412
v 2 0 -6 0.843137 0.482353 0.729412
v 1 1 -6 0.843137 0.482353 0.729412
v 3 0 -5 0.843137 0.482353 0.729412
v 3 1 -5 0.843137 0.482353 0.729412
v 3 0 -6 0.843137 0.482353 0.729412
v 3 1 -6 0.843137 0.482353 0.729412
v 5 0 -5 0.843137 0.482353 0.729412
v 6 0 -5 0.843137 0.482353 0.729412
v 6 1 -5 0.843137 0.482353 0.729412
v 5 1 -5 0.843137 0.482353 0.729412
v 5 0 -6 0.843137 0.482353 0.729412
v 6 0 -6 0.843137 0.482353 0.729412
v 5 1 -6 0.843137 0.482353 0.729412
v 7 0 -5 0.843137 0.482353 0.729412
v 7 1 -5 0.843137 0.482353 0.729412
v 7 0 -6 0.843137 0.482353 0.729412
v 7 1 -6 0.843137 0.482353 0.729412
v 13 0 -5 0.388235 0.607843 1.000000
v 14 0 -5 0.388235 0.607843 1.000000
v 14 1 -5 0.388235 0.607843 1.000000
v 13 1 -5 0.388235 0.607843 1.000000
v 13 0 -6 0.388235 0.607843 1.000000
v 14 0 -6 0.388235 0.607843 1.000000
v 13 1 -6 0.388235 0.607843 1.000000
v 15 0 -5 0.388235 0.607843 1.000000
v 15 1 -5 0.388235 0.607843 1.000000
v 15 0 -6 0.388235 0.607843 1.000000
v 15 1 -6 0.388235 0.607843 1.000000
v 1 0 -7 0.843137 0.482353 0.729412
v 2 0 -7 0.843137 0.482353 0.729412
v 2 1 -6 0.843137 0.482353 0.729412
v 2 1 -7 0.843137 0.482353 0.729412
v 1 1 -7 0.843137 0.482353 0.729412
v 3 0 -7 0.843137 0.482353 0.729412
v 3 1 -7 0.843137 0.482353 0.729412
v 5 0 -7 0.843137 0.482353 0.729412
v 6 0 -7 0.843137 0.482353 0.729412
v 6 1 -6 0.843137 0.482353 0.729412
v 6 1 -7 0.843137 0.482353 0.729412
v 5 1 -7 0.843137 0.482353 0.729412
v 7 0 -7 0.843137 0.482353 0.729412
v 7 1 -7 0.843137 0.482353 0.729412
v 13 0 -7 0.388235 0.607843 1.000000
v 14 0 -7 0.388235 0.607843 1.000000
v 14 1 -6 0.388235 0.607843 1.000000
v 14 1 -7 0.388235 0.607843 1.000000
v 13 1 -7 0.388235 0.607843 1.000000
v 15 0 -7 0.388235 0.607843 1.000000
v 15 1 -7 0.388235 0.607843 1.000000
v 2 0 -8 0.843137 0.482353 0.729412
v 1 0 -8 0.843137 0.482353 0.729412
v 1 1 -8 0.843137 0.482353 0.729412
v 2 1 -8 0.843137 0.482353 0.729412
v 3 0 -8 0.843137 0.482353 0.729412
v 3 1 -8 0.843137 0.482353 0.729412
v 6 0 -8 0.843137 0.482353 0.729412
v 5 0 -8 0.843137 0.482353 0.729412
v 5 1 -8 0.843137 0.482353 0.729412
v 6 1 -8 0.843137 0.482353 0.729412
v 7 0 -8 0.843137 0.482353 0.729412
v 7 1 -8 0.843137 0.482353 0.729412
v 14 0 -8 0.388235 0.607843 1.000000
v 13 0 -8 0.388235 0.607843 1.000000
v 13 1 -8 0.388235 0.607843 1.000000
v 14 1 -8 0.388235 0.607843 1.000000
v 15 0 -8 0.388235 0.607843 1.000000
v 15 1 -8 0.388235 0.607843 1.000000
v 1 0 -13 0.843137 0.482353 0.729412
v 2 0 -13 0.843137 0.482353 0.729412
v 2 1 -13 0.843137 0.482353 0.729412
v 1 1 -13 0.843137 0.482353 0.729412
v 1 0 -14 0.843137 0.482353 0.729412
v 2 0 -14 0.843137 0.482353 0.729412
v 1 1 -14 0.843137 0.482353 0.729412
v 3 0 -13 0.843137 0.482353 0.729412
v 3 1 -13 0.843137 0.482353 0.729412
v 3 0 -14 0.843137 0.482353 0.729412
v 3 1 -14 0.843137 0.482353 0.729412
v 5 0 -13 0.843137 0.482353 0.729412
v 6 0 -13 0.843137 0.482353 0.729412
v 6 1 -13 0.843137 0.482353 0.729412
v 5 1 -13 0.843137 0.482353 0.729412
v 5 0 -14 0.843137 0.482353 0.729412
v 6 0 -14 0.843137 0.482353 0.729412
v 5 1 -14 0.843137 0.482353 0.729412
v 7 0 -13 0.843137 0.482353 0.729412
v 7 1 -13 0.843137 0.482353 0.729412
v 7 0 -14 0.843137 0.482353 0.729412
v 7 1 -14 0.843137 0.482353 0.729412
v 13 0 -13 0.388235 0.607843 1.000000
v 14 0 -13 0.388235 0.607843 1.000000
v 14 1 -13 0.388235 0.607843 1.000000
v 13 1 -13 0.388235 0.607843 1.000000
v 13 0 -14 0.388235 0.607843 1.000000
v 14 0 -14 0.388235 0.607843 1.000000
v 13 1 -14 0.388235 0.607843 1.000000
v 15 0 -13 0.388235 0.607843 1.000000
v 15 1 -13 0.388235 0.607843 1.000000
v 15 0 -14 0.388235 0.607843 1.000000
v 15 1 -14 0.388235 0.607843 1.000000
v 1 0 -15 0.843137 0.482353 0.729412
v 2 0 -15 0.843137 0.482353 0.729412
v 2 1 -14 0.843137 0.482353 0.729412
v 2 1 -15 0.843137 0.482353 0.729412
v 1 1 -15 0.843137 0.482353 0.729412
v 3 0 -15 0.843137 0.482353 0.729412
v 3 1 -15 0.843137 0.482353 0.729412
v 5 0 -15 0.843137 0.482353 0.729412
v 6 0 -15 0.843137 0.482353 0.729412
v 6 1 -14 0.843137 0.482353 0.729412
v 6 1 -15 0.843137 0.482353 0.729412
v 5 1 -15 0.843137 0.482353 0.729412
v 7 0 -15 0.843137 0.482353 0.729412
v 7 1 -15 0.843137 0.482353 0.729412
v 13 0 -15 0.388235 0.607843 1.000000
v 14 0 -15 0.388235 0.607843 1.000000
v 14 1 -14 0.388235 0.607843 1.000000
v 14 1 -15 0.388235 0.607843 1.000000
v 13 1 -15 0.388235 0.607843 1.000000
v 15 0 -15 0.388235 0.607843 1.000000
v 15 1 -15 0.388235 0.607843 1.000000
v 2 0 -16 0.843137 0.482353 0.729412
v 1 0 -16 0.843137 0.482353 0.729412
v 1 1 -16 0.843137 0.482353 0.729412
v 2 1 -16 0.843137 0.482353 0.729412
v 3 0 -16 0.843137 0.482353 0.729412
v 3 1 -16 0.843137 0.482353 0.729412
v 6 0 -16 0.843137 0.482353 0.729412
v 5 0 -16 0.843137 0.482353 0.729412
v 5 1 -16 0.843137 0.482353 0.729412
v 6 1 -16 0.843137 0.482353 0.729412
v 7 0 -16 0.843137 0.482353 0.729412
v 7 1 -16 0.843137 0.482353 0.729412
v 14 0 -16 0.388235 0.607843 1.000000
v 13 0 -16 0.388235 0.607843 1.000000
v 13 1 -16 0.388235 0.607843 1.000000
v 14 1 -16 0.388235 0.607843 1.000000
v 15 0 -16 0.388235 0.607843 1.000000
v 15 1 -16 0.388235 0.607843 1.000000
v 2 2 -1 0.843137 0.482353 0.729412
v 1 2 -1 0.843137 0.482353 0.729412
v 1 2 -2 0.843137 0.482353 0.729412
v 2 2 -2 0.843137 0.482353 0.729412
v 3 2 -1 0.843137 0.482353 0.729412
v 3 2 -2 0.843137 0.482353 0.729412
v 6 2 -1 0.843137 0.482353 0.729412
v 5 2 -1 0.843137 0.482353 0.729412
v 5 2 -2 0.843137 0.482353 0.729412
v 6 2 -2 0.843137 0.482353 0.729412
v 7 2 -1 0.843137 0.482353 0.729412
v 7 2 -2 0.843137 0.482353 0.729412
v 14 2 -1 0.388235 0.607843 1.000000
v 13 2 -1 0.388235 0.607843 1.000000
v 13 2 -2 0.388235 0.607843 1.000000
v 14 2 -2 0.388235 0.607843 1.000000
v 15 2 -1 0.388235 0.607843 1.000000
v 15 2 -2 0.388235 0.607843 1.000000
v 3 1 -2 0.000000 0.000000 0.000000
v 4 1 -2 0.000000 0.000000 0.000000
v 4 2 -2 0.000000 0.000000 0.000000
v 3 2 -2 0.000000 0.000000 0.000000
v 3 1 -3 0.000000 0.000000 0.000000
v 4 1 -3 0.000000 0.000000 0.000000
v 3 2 -3 0.000000 0.000000 0.000000
v 5 1 -2 0.000000 0.000000 0.000000
v 5 2 -2 0.000000 0.000000 0.000000
v 5 1 -3 0.000000 0.000000 0.000000
v 5 2 -3 0.000000 0.000000 0.000000
v 15 1 -2 0.000000 0.000000 0.000000
v 16 1 -2 0.000000 0.000000 0.000000
v 16 2 -2 0.000000 0.000000 0.000000
v 15 2 -2 0.000000 0.000000 0.000000
v 15 1 -3 0.000000 0.000000 0.000000
v 16 1 -3 0.000000 0.000000 0.000000
v 15 2 -3 0.000000 0.000000 0.000000
v 2 2 -3 0.843137 0.482353 0.729412
v 1 2 -3 0.843137 0.482353 0.729412
v 1 2 -4 0.843137 0.482353 0.729412
v 2 2 -4 0.843137 0.482353 0.729412
v 3 2 -3 0.843137 0.482353 0.729412
v 3 2 -4 0.843137 0.482353 0.729412
v 3 1 -4 0.000000 0.000000 0.000000
v 4 1 -4 0.000000 0.000000 0.000000
v 5 1 -4 0.000000 0.000000 0.000000
v 6 2 -3 0.843137 0.482353 0.729412
v 5 2 -3 0.843137 0.482353 0.729412
v 5 2 -4 0.843137 0.482353 0.729412
v 6 2 -4 0.843137 0.482353 0.729412
v 7 2 -3 0.843137 0.482353 0.729412
v 7 2 -4 0.843137 0.482353 0.729412
v 14 2 -3 0.388235 0.607843 1.000000
v 13 2 -3 0.388235 0.607843 1.000000
v 13 2 -4 0.388235 0.607843 1.000000
v 14 2 -4 0.388235 0.607843 1.000000
v 15 2 -3 0.388235 0.607843 1.000000
v 15 2 -4 0.388235 0.607843 1.000000
v 15 1 -4 0.000000 0.000000 0.000000
v 16 1 -4 0.000000 0.000000 0.000000
v 3 1 -5 0.000000 0.000000 0.000000
v 4 1 -5 0.000000 0.000000 0.000000
v 3 2 -4 0.000000 0.000000 0.000000
v 3 2 -5 0.000000 0.000000 0.000000
v 5 1 -5 0.000000 0.000000 0.000000
v 5 2 -5 0.000000 0.000000 0.000000
v 5 2 -4 0.000000 0.000000 0.000000
v 15 1 -5 0.000000 0.000000 0.000000
v 16 1 -5 0.000000 0.000000 0.000000
v 15 2 -4 0.000000 0.000000 0.000000
v 15 2 -5 0.000000 0.000000 0.000000
v 2 2 -5 0.843137 0.482353 0.729412
v 1 2 -5 0.843137 0.482353 0.729412
v 1 2 -6 0.843137 0.482353 0.729412
v 2 2 -6 0.843137 0.482353 0.729412
v 3 2 -5 0.843137 0.482353 0.729412
v 3 2 -6 0.843137 0.482353 0.729412
v 3 1 -6 0.000000 0.000000 0.000000
v 4 1 -6 0.000000 0.000000 0.000000
v 5 1 -6 0.000000 0.000000 0.000000
v 6 2 -5 0.843137 0.482353 0.729412
v 5 2 -5 0.843137 0.482353 0.729412
v 5 2 -6 0.843137 0.482353 0.729412
v 6 2 -6 0.843137 0.482353 0.729412
v 7 2 -5 0.843137 0.482353 0.729412
v 7 2 -6 0.843137 0.482353 0.729412
v 14 2 -5 0.388235 0.607843 1.000000
v 13 2 -5 0.388235 0.607843 1.000000
v 13 2 -6 0.388235 0.607843 1.000000
v 14 2 -6 0.388235 0.607843 1.000000
v 15 2 -5 0.388235 0.607843 1.000000
v 15 2 -6 0.388235 0.607843 1.000000
v 15 1 -6 0.000000 0.000000 0.000000
v 16 1 -6 0.000000 0.000000 0.000000
v 4 1 -7 0.000000 0.000000 0.000000
v 3 1 -7 0.000000 0.000000 0.000000
v 3 2 -7 0.000000 0.000000 0.000000
v 4 2 -7 0.000000 0.000000 0.000000
v 3 2 -6 0.000000 0.000000 0.000000
v 5 1 -7 0.000000 0.000000 0.000000
v 5 2 -7 0.000000 0.000000 0.000000
v 5 2 -6 0.000000 0.000000 0.000000
v 16 1 -7 0.000000 0.000000 0.000000
v 15 1 -7 0.000000 0.000000 0.000000
v 15 2 -7 0.000000 0.000000 0.000000
v 16 2 -7 0.000000 0.000000 0.000000
v 15 2 -6 0.000000 0.000000 0.000000
v 2 2 -7 0.843137 0.482353 0.729412
v 1 2 -7 0.843137 0.482353 0.729412
v 1 2 -8 0.843137 0.482353 0.729412
v 2 2 -8 0.843137 0.482353 0.729412
v 3 2 -7 0.843137 0.482353 0.729412
v 3 2 -8 0.843137 0.482353 0.729412
v 6 2 -7 0.843137 0.482353 0.729412
v 5 2 -7 0.843137 0.482353 0.729412
v 5 2 -8 0.843137 0.482353 0.729412
v 6 2 -8 0.843137 0.482353 0.729412
v 7 2 -7 0.843137 0.482353 0.729412
v 7 2 -8 0.843137 0.482353 0.729412
v 14 2 -7 0.388235 0.607843 1.000000
v 13 2 -7 0.388235 0.607843 1.000000
v 13 2 -8 0.388235 0.607843 1.000000
v 14 2 -8 0.388235 0.607843 1.000000
v 15 2 -7 0.388235 0.607843 1.000000
v 15 2 -8 0.388235 0.607843 1.000000
v 2 2 -13 0.843137 0.482353 0.729412
v 1 2 -13 0.843137 0.482353 0.729412
v 1 2 -14 0.843137 0.482353 0.729412
v 2 2 -14 0.843137 0.482353 0.729412
v 3 2 -13 0.843137 0.482353 0.729412
v 3 2 -14 0.843137 0.482353 0.729412
v 6 2 -13 0.843137 0.482353 0.729412
v 5 2 -13 0.843137 0.482353 0.729412
v 5 2 -14 0.843137 0.482353 0.729412
v 6 2 -14 0.843137 0.482353 0.729412
v 7 2 -13 0.843137 0.482353 0.729412
v 7 2 -14 0.843137 0.482353 0.729412
v 14 2 -13 0.388235 0.607843 1.000000
v 13 2 -13 0.388235 0.607843 1.000000
v 13 2 -14 0.388235 0.607843 1.000000
v 14 2 -14 0.388235 0.607843 1.000000
v 15 2 -13 0.388235 0.607843 1.000000
v 15 2 -14 0.388235 0.607843 1.000000
v 3 1 -14 0.000000 0.000000 0.000000
v 4 1 -14 0.000000 0.000000 0.000000
v 4 2 -14 0.000000 0.000000 0.000000
v 3 2 -14 0.000000 0.000000 0.000000
v 3 1 -15 0.000000 0.000000 0.000000
v 4 1 -15 0.000000 0.000000 0.000000
v 3 2 -15 0.000000 0.000000 0.000000
v 5 1 -14 0.000000 0.000000 0.000000
v 5 2 -14 0.000000 0.000000 0.000000
v 5 1 -15 0.000000 0.000000 0.000000
v 5 2 -15 0.000000 0.000000 0.000000
v 15 1 -14 0.000000 0.000000 0.000000
v 16 1 -14 0.000000 0.000000 0.000000
v 16 2 -14 0.000000 0.000000 0.000000
v 15 2 -14 0.000000 0.000000 0.000000
v 15 1 -15 0.000000 0.000000 0.000000
v 16 1 -15 0.000000 0.000000 0.000000
v 15 2 -15 0.000000 0.000000 0.000000
v 2 2 -15 0.843137 0.482353 0.729412
v 1 2 -15 0.843137 0.482353 0.729412
v 1 2 -16 0.843137 0.482353 0.729412
v 2 2 -16 0.843137 0.482353 0.729412
v 3 2 -15 0.843137 0.482353 0.729412
v 3 2 -16 0.843137 0.482353 0.729412
v 3 1 -16 0.000000 0.000000 0.000000
v 4 1 -16 0.000000 0.000000 0.000000
v 5 1 -16 0.000000 0.000000 0.000000
v 6 2 -15 0.843137 0.482353 0.729412
v 5 2 -15 0.843137 0.482353 0.729412
v 5 2 -16 0.843137 0.482353 0.729412
v 6 2 -16 0.843137 0.482353 0.729412
v 7 2 -15 0.843137 0.482353 0.729412
v 7 2 -16 0.843137 0.482353 0.729412
v 14 2 -15 0.388235 0.607843 1.000000
v 13 2 -15 0.388235 0.607843 1.000000
v 13 2 -16 0.388235 0.607843 1.000000
v 14 2 -16 0.388235 0.607843 1.000000
v 15 2 -15 0.388235 0.607843 1.000000
v 15 2 -16 0.388235 0.607843 1.000000
v 15 1 -16 0.000000 0.000000 0.000000
v 16 1 -16 0.000000 0.000000 0.000000
v 2 3 -1 0.843137 0.482353 0.729412
v 1 3 -1 0.843137 0.482353 0.729412
v 2 3 -2 0.843137 0.482353 0.729412
v 1 3 -2 0.843137 0.482353 0.729412
v 3 3 -1 0.843137 0.482353 0.729412
v 3 3 -2 0.843137 0.482353 0.729412
v 6 3 -1 0.843137 0.482353 0.729412
v 5 3 -1 0.843137 0.482353 0.729412
v 6 3 -2 0.843137 0.482353 0.729412
v 5 3 -2 0.843137 0.482353 0.729412
v 7 3 -1 0.843137 0.482353 0.729412
v 7 3 -2 0.843137 0.482353 0.729412
v 14 3 -1 0.388235 0.607843 1.000000
v 13 3 -1 0.388235 0.607843 1.000000
v 14 3 -2 0.388235 0.607843 1.000000
v 13 3 -2 0.388235 0.607843 1.000000
v 15 3 -1 0.388235 0.607843 1.000000
v 15 3 -2 0.388235 0.607843 1.000000
v 2 3 -3 0.843137 0.482353 0.729412
v 1 3 -3 0.843137 0.482353 0.729412
v 2 2 -2 0.000000 0.000000 0.000000
v 2 2 -3 0.000000 0.000000 0.000000
v 3 3 -2 0.000000 0.000000 0.000000
v 3 3 -3 0.000000 0.000000 0.000000
v 2 3 -3 0.000000 0.000000 0.000000
v 2 3 -2 0.000000 0.000000 0.000000
v 4 3 -2 0.000000 0.000000 0.000000
v 4 3 -3 0.000000 0.000000 0.000000
v 5 3 -2 0.000000 0.000000 0.000000
v 5 3 -3 0.000000 0.000000 0.000000
v 6 2 -3 0.000000 0.000000 0.000000
v 6 2 -2 0.000000 0.000000 0.000000
v 6 3 -2 0.000000 0.000000 0.000000
v 6 3 -3 0.000000 0.000000 0.000000
v 7 3 -3 0.843137 0.482353 0.729412
v 6 3 -3 0.843137 0.482353 0.729412
v 14 3 -3 0.388235 0.607843 1.000000
v 13 3 -3 0.388235 0.607843 1.000000
v 14 2 -2 0.000000 0.000000 0.000000
v 14 2 -3 0.000000 0.000000 0.000000
v 15 3 -2 0.000000 0.000000 0.000000
v 15 3 -3 0.000000 0.000000 0.000000
v 14 3 -3 0.000000 0.000000 0.000000
v 14 3 -2 0.000000 0.000000 0.000000
v 16 3 -2 0.000000 0.000000 0.000000
v 16 3 -3 0.000000 0.000000 0.000000
v 1 3 -4 0.843137 0.482353 0.729412
v 2 3 -4 0.843137 0.482353 0.729412
v 6 3 -4 0.843137 0.482353 0.729412
v 7 3 -4 0.843137 0.482353 0.729412
v 13 3 -4 0.388235 0.607843 1.000000
v 14 3 -4 0.388235 0.607843 1.000000
v 2 2 -4 0.000000 0.000000 0.000000
v 2 2 -5 0.000000 0.000000 0.000000
v 2 3 -4 0.000000 0.000000 0.000000
v 2 3 -5 0.000000 0.000000 0.000000
v 6 2 -5 0.000000 0.000000 0.000000
v 6 2 -4 0.000000 0.000000 0.000000
v 6 3 -5 0.000000 0.000000 0.000000
v 6 3 -4 0.000000 0.000000 0.000000
v 14 2 -4 0.000000 0.000000 0.000000
v 14 2 -5 0.000000 0.000000 0.000000
v 14 3 -4 0.000000 0.000000 0.000000
v 14 3 -5 0.000000 0.000000 0.000000
v 2 3 -5 0.843137 0.482353 0.729412
v 1 3 -5 0.843137 0.482353 0.729412
v 2 3 -6 0.843137 0.482353 0.729412
v 1 3 -6 0.843137 0.482353 0.729412
v 7 3 -5 0.843137 0.482353 0.729412
v 6 3 -5 0.843137 0.482353 0.729412
v 7 3 -6 0.843137 0.482353 0.729412
v 6 3 -6 0.843137 0.482353 0.729412
v 14 3 -5 0.388235 0.607843 1.000000
v 13 3 -5 0.388235 0.607843 1.000000
v 14 3 -6 0.388235 0.607843 1.000000
v 13 3 -6 0.388235 0.607843 1.000000
v 2 3 -7 0.843137 0.482353 0.729412
v 1 3 -7 0.843137 0.482353 0.729412
v 2 2 -6 0.000000 0.000000 0.000000
v 2 2 -7 0.000000 0.000000 0.000000
v 3 3 -7 0.000000 0.000000 0.000000
v 4 3 -7 0.000000 0.000000 0.000000
v 5 3 -7 0.000000 0.000000 0.000000
v 6 2 -7 0.000000 0.000000 0.000000
v 6 2 -6 0.000000 0.000000 0.000000
v 7 3 -7 0.843137 0.482353 0.729412
v 6 3 -7 0.843137 0.482353 0.729412
v 14 3 -7 0.388235 0.607843 1.000000
v 13 3 -7 0.388235 0.607843 1.000000
v 14 2 -6 0.000000 0.000000 0.000000
v 14 2 -7 0.000000 0.000000 0.000000
v 15 3 -7 0.000000 0.000000 0.000000
v 16 3 -7 0.000000 0.000000 0.000000
v 1 3 -8 0.843137 0.482353 0.729412
v 2 3 -8 0.843137 0.482353 0.729412
v 3 3 -8 0.843137 0.482353 0.729412
v 3 3 -7 0.843137 0.482353 0.729412
v 5 3 -8 0.843137 0.482353 0.729412
v 6 3 -8 0.843137 0.482353 0.729412
v 5 3 -7 0.843137 0.482353 0.729412
v 7 3 -8 0.843137 0.482353 0.729412
v 13 3 -8 0.388235 0.607843 1.000000
v 14 3 -8 0.388235 0.607843 1.000000
v 15 3 -8 0.388235 0.607843 1.000000
v 15 3 -7 0.388235 0.607843 1.000000
v 2 3 -13 0.843137 0.482353 0.729412
v 1 3 -13 0.843137 0.482353 0.729412
v 2 3 -14 0.843137 0.482353 0.729412
v 1 3 -14 0.843137 0.482353 0.729412
v 3 3 -13 0.843137 0.482353 0.729412
v 3 3 -14 0.843137 0.482353 0.729412
v 6 3 -13 0.843137 0.482353 0.729412
v 5 3 -13 0.843137 0.482353 0.729412
v 6 3 -14 0.843137 0.482353 0.729412
v 5 3 -14 0.843137 0.482353 0.729412
v 7 3 -13 0.843137 0.482353 0.729412
v 7 3 -14 0.843137 0.482353 0.729412
v 14 3 -13 0.388235 0.607843 1.000000
v 13 3 -13 0.388235 0.607843 1.000000
v 14 3 -14 0.388235 0.607843 1.000000
v 13 3 -14 0.388235 0.607843 1.000000
v 15 3 -13 0.388235 0.607843 1.000000
v 15 3 -14 0.388235 0.607843 1.000000
v 2 3 -15 0.843137 0.482353 0.729412
v 1 3 -15 0.843137 0.482353 0.729412
v 2 2 -14 0.000000 0.000000 0.000000
v 2 2 -15 0.000000 0.000000 0.000000
v 3 3 -14 0.000000 0.000000 0.000000
v 3 3 -15 0.000000 0.000000 0.000000
v 2 3 -15 0.000000 0.000000 0.000000
v 2 3 -14 0.000000 0.000000 0.000000
v 4 3 -14 0.000000 0.000000 0.000000
v 4 3 -15 0.000000 0.000000 0.000000
v 5 3 -14 0.000000 0.000000 0.000000
v 5 3 -15 0.000000 0.000000 0.000000
v 6 2 -15 0.000000 0.000000 0.000000
v 6 2 -14 0.000000 0.000000 0.000000
v 6 3 -14 0.000000 0.000000 0.000000
v 6 3 -15 0.000000 0.000000 0.000000
v 7 3 -15 0.843137 0.482353 0.729412
v 6 3 -15 0.843137 0.482353 0.729412
v 14 3 -15 0.388235 0.607843 1.000000
v 13 3 -15 0.388235 0.607843 1.000000
v 14 2 -14 0.000000 0.000000 0.000000
v 14 2 -15 0.000000 0.000000 0.000000
v 15 3 -14 0.000000 0.000000 0.000000
v 15 3 -15 0.000000 0.000000 0.000000
v 14 3 -15 0.000000 0.000000 0.000000
v 14 3 -14 0.000000 0.000000 0.000000
v 16 3 -14 0.000000 0.000000 0.000000
v 16 3 -15 0.000000 0.000000 0.000000
v 1 3 -16 0.843137 0.482353 0.729412
v 2 3 -16 0.843137 0.482353 0.729412
v 6 3 -16 0.843137 0.482353 0.729412
v 7 3 -16 0.843137 0.482353 0.729412
v 13 3 -16 0.388235 0.607843 1.000000
v 14 3 -16 0.388235 0.607843 1.000000
v 3 4 -3 0.000000 0.000000 0.000000
v 2 4 -3 0.000000 0.000000 0.000000
v 2 4 -4 0.000000 0.000000 0.000000
v 4 4 -3 0.000000 0.000000 0.000000
v 5 4 -3 0.000000 0.000000 0.000000
v 6 4 -3 0.000000 0.000000 0.000000
v 6 4 -4 0.000000 0.000000 0.000000
v 15 4 -3 0.000000 0.000000 0.000000
v 14 4 -3 0.000000 0.000000 0.000000
v 14 4 -4 0.000000 0.000000 0.000000
v 16 4 -3 0.000000 0.000000 0.000000
v 2 4 -5 0.000000 0.000000 0.000000
v 6 4 -5 0.000000 0.000000 0.000000
v 14 4 -5 0.000000 0.000000 0.000000
v 2 4 -6 0.000000 0.000000 0.000000
v 2 3 -6 0.000000 0.000000 0.000000
v 6 3 -6 0.000000 0.000000 0.000000
v 6 4 -6 0.000000 0.000000 0.000000
v 14 4 -6 0.000000 0.000000 0.000000
v 14 3 -6 0.000000 0.000000 0.000000
v 2 3 -7 0.000000 0.000000 0.000000
v 2 4 -7 0.000000 0.000000 0.000000
v 3 4 -7 0.000000 0.000000 0.000000
v 4 4 -7 0.000000 0.000000 0.000000
v 5 4 -7 0.000000 0.000000 0.000000
v 6 3 -7 0.000000 0.000000 0.000000
v 6 4 -7 0.000000 0.000000 0.000000
v 14 3 -7 0.000000 0.000000 0.000000
v 14 4 -7 0.000000 0.000000 0.000000
v 15 4 -7 0.000000 0.000000 0.000000
v 16 4 -7 0.000000 0.000000 0.000000
v 3 4 -15 0.000000 0.000000 0.000000
v 2 4 -15 0.000000 0.000000 0.000000
v 2 4 -16 0.000000 0.000000 0.000000
v 2 3 -16 0.000000 0.000000 0.000000
v 4 4 -15 0.000000 0.000000 0.000000
v 5 4 -15 0.000000 0.000000 0.000000
v 6 4 -15 0.000000 0.000000 0.000000
v 6 3 -16 0.000000 0.000000 0.000000
v 6 4 -16 0.000000 0.000000 0.000000
v 15 4 -15 0.000000 0.000000 0.000000
v 14 4 -15 0.000000 0.000000 0.000000
v 14 4 -16 0.000000 0.000000 0.000000
v 14 3 -16 0.000000 0.000000 0.000000
v 16 4 -15 0.000000 0.000000 0.000000
v 2 4 -3 0.517647 0.494118 0.529412
v 3 4 -3 0.517647 0.494118 0.529412
v 3 5 -3 0.517647 0.494118 0.529412
v 2 5 -3 0.517647 0.494118 0.529412
v 2 5 -4 0.517647 0.494118 0.529412
v 2 4 -4 0.517647 0.494118 0.529412
v 4 4 -3 0.517647 0.494118 0.529412
v 4 5 -3 0.517647 0.494118 0.529412
v 5 4 -3 0.517647 0.494118 0.529412
v 5 5 -3 0.517647 0.494118 0.529412
v 6 4 -3 0.517647 0.494118 0.529412
v 6 5 -3 0.517647 0.494118 0.529412
v 6 4 -3 0.607843 0.678431 0.717647
v 7 4 -3 0.607843 0.678431 0.717647
v 7 5 -3 0.607843 0.678431 0.717647
v 6 5 -3 0.607843 0.678431 0.717647
v 6 4 -4 0.607843 0.678431 0.717647
v 7 4 -4 0.607843 0.678431 0.717647
v 8 4 -3 0.607843 0.678431 0.717647
v 8 5 -3 0.607843 0.678431 0.717647
v 8 4 -4 0.607843 0.678431 0.717647
v 9 4 -3 0.607843 0.678431 0.717647
v 9 5 -3 0.607843 0.678431 0.717647
v 9 4 -4 0.607843 0.678431 0.717647
v 10 4 -3 0.607843 0.678431 0.717647
v 10 5 -3 0.607843 0.678431 0.717647
v 10 4 -4 0.607843 0.678431 0.717647
v 11 4 -3 0.607843 0.678431 0.717647
v 11 5 -3 0.607843 0.678431 0.717647
v 11 4 -4 0.607843 0.678431 0.717647
v 12 4 -3 0.607843 0.678431 0.717647
v 12 5 -3 0.607843 0.678431 0.717647
v 12 4 -4 0.607843 0.678431 0.717647
v 13 4 -3 0.607843 0.678431 0.717647
v 13 5 -3 0.607843 0.678431 0.717647
v 13 4 -4 0.607843 0.678431 0.717647
v 14 4 -3 0.607843 0.678431 0.717647
v 14 5 -3 0.607843 0.678431 0.717647
v 14 4 -4 0.607843 0.678431 0.717647
v 14 4 -3 0.517647 0.494118 0.529412
v 15 4 -3 0.517647 0.494118 0.529412
v 15 5 -3 0.517647 0.494118 0.529412
v 14 5 -3 0.517647 0.494118 0.529412
v 16 4 -3 0.517647 0.494118 0.529412
v 16 5 -3 0.517647 0.494118 0.529412
v 2 5 -5 0.517647 0.494118 0.529412
v 2 4 -5 0.517647 0.494118 0.529412
v 6 4 -5 0.607843 0.678431 0.717647
v 7 4 -5 0.607843 0.678431 0.717647
v 8 4 -5 0.607843 0.678431 0.717647
v 9 4 -5 0.607843 0.678431 0.717647
v 10 4 -5 0.607843 0.678431 0.717647
v 11 4 -5 0.607843 0.678431 0.717647
v 12 4 -5 0.607843 0.678431 0.717647
v 13 4 -5 0.607843 0.678431 0.717647
v 14 4 -5 0.607843 0.678431 0.717647
v 2 5 -6 0.517647 0.494118 0.529412
v 2 4 -6 0.517647 0.494118 0.529412
v 6 4 -6 0.607843 0.678431 0.717647
v 7 4 -6 0.607843 0.678431 0.717647
v 8 4 -6 0.607843 0.678431 0.717647
v 9 4 -6 0.607843 0.678431 0.717647
v 10 4 -6 0.607843 0.678431 0.717647
v 11 4 -6 0.607843 0.678431 0.717647
v 12 4 -6 0.607843 0.678431 0.717647
v 13 4 -6 0.607843 0.678431 0.717647
v 14 4 -6 0.607843 0.678431 0.717647
v 2 5 -7 0.517647 0.494118 0.529412
v 2 4 -7 0.517647 0.494118 0.529412
v 6 4 -7 0.607843 0.678431 0.717647
v 7 4 -7 0.607843 0.678431 0.717647
v 8 4 -7 0.607843 0.678431 0.717647
v 9 4 -7 0.607843 0.678431 0.717647
v 10 4 -7 0.607843 0.678431 0.717647
v 11 4 -7 0.607843 0.678431 0.717647
v 12 4 -7 0.607843 0.678431 0.717647
v 13 4 -7 0.607843 0.678431 0.717647
v 14 4 -7 0.607843 0.678431 0.717647
v 2 4 -7 0.607843 0.678431 0.717647
v 2 4 -8 0.607843 0.678431 0.717647
v 3 4 -8 0.607843 0.678431 0.717647
v 3 4 -7 0.607843 0.678431 0.717647
v 2 5 -7 0.607843 0.678431 0.717647
v 2 5 -8 0.607843 0.678431 0.717647
v 4 4 -8 0.607843 0.678431 0.717647
v 4 4 -7 0.607843 0.678431 0.717647
v 5 4 -8 0.607843 0.678431 0.717647
v 5 4 -7 0.607843 0.678431 0.717647
v 6 4 -8 0.607843 0.678431 0.717647
v 7 4 -8 0.607843 0.678431 0.717647
v 8 4 -8 0.607843 0.678431 0.717647
v 9 4 -8 0.607843 0.678431 0.717647
v 10 4 -8 0.607843 0.678431 0.717647
v 11 4 -8 0.607843 0.678431 0.717647
v 12 4 -8 0.607843 0.678431 0.717647
v 13 4 -8 0.607843 0.678431 0.717647
v 14 4 -8 0.607843 0.678431 0.717647
v 15 4 -8 0.607843 0.678431 0.717647
v 15 4 -7 0.607843 0.678431 0.717647
v 16 4 -8 0.607843 0.678431 0.717647
v 16 4 -7 0.607843 0.678431 0.717647
v 2 4 -9 0.607843 0.678431 0.717647
v 3 4 -9 0.607843 0.678431 0.717647
v 2 5 -9 0.607843 0.678431 0.717647
v 4 4 -9 0.607843 0.678431 0.717647
v 5 4 -9 0.607843 0.678431 0.717647
v 6 4 -9 0.607843 0.678431 0.717647
v 7 4 -9 0.607843 0.678431 0.717647
v 8 4 -9 0.607843 0.678431 0.717647
v 9 4 -9 0.607843 0.678431 0.717647
v 10 4 -9 0.607843 0.678431 0.717647
v 11 4 -9 0.607843 0.678431 0.717647
v 12 4 -9 0.607843 0.678431 0.717647
v 13 4 -9 0.607843 0.678431 0.717647
v 14 4 -9 0.607843 0.678431 0.717647
v 15 4 -9 0.607843 0.678431 0.717647
v 16 4 -9 0.607843 0.678431 0.717647
v 2 4 -10 0.607843 0.678431 0.717647
v 3 4 -10 0.607843 0.678431 0.717647
v 2 5 -10 0.607843 0.678431 0.717647
v 4 4 -10 0.607843 0.678431 0.717647
v 5 4 -10 0.607843 0.678431 0.717647
v 6 4 -10 0.607843 0.678431 0.717647
v 7 4 -10 0.607843 0.678431 0.717647
v 8 4 -10 0.607843 0.678431 0.717647
v 9 4 -10 0.607843 0.678431 0.717647
v 10 4 -10 0.607843 0.678431 0.717647
v 11 4 -10 0.607843 0.678431 0.717647
v 12 4 -10 0.607843 0.678431 0.717647
v 13 4 -10 0.607843 0.678431 0.717647
v 14 4 -10 0.607843 0.678431 0.717647
v 15 4 -10 0.607843 0.678431 0.717647
v 16 4 -10 0.607843 0.678431 0.717647
v 2 4 -11 0.607843 0.678431 0.717647
v 3 4 -11 0.607843 0.678431 0.717647
v 2 5 -11 0.607843 0.678431 0.717647
v 4 4 -11 0.607843 0.678431 0.717647
v 5 4 -11 0.607843 0.678431 0.717647
v 6 4 -11 0.607843 0.678431 0.717647
v 7 4 -11 0.607843 0.678431 0.717647
v 8 4 -11 0.607843 0.678431 0.717647
v 9 4 -11 0.607843 0.678431 0.717647
v 10 4 -11 0.607843 0.678431 0.717647
v 11 4 -11 0.607843 0.678431 0.717647
v 12 4 -11 0.607843 0.678431 0.717647
v 13 4 -11 0.607843 0.678431 0.717647
v 14 4 -11 0.607843 0.678431 0.717647
v 15 4 -11 0.607843 0.678431 0.717647
v 16 4 -11 0.607843 0.678431 0.717647
v 2 4 -12 0.607843 0.678431 0.717647
v 3 4 -12 0.607843 0.678431 0.717647
v 2 5 -12 0.607843 0.678431 0.717647
v 4 4 -12 0.607843 0.678431 0.717647
v 5 4 -12 0.607843 0.678431 0.717647
v 6 4 -12 0.607843 0.678431 0.717647
v 7 4 -12 0.607843 0.678431 0.717647
v 8 4 -12 0.607843 0.678431 0.717647
v 9 4 -12 0.607843 0.678431 0.717647
v 10 4 -12 0.607843 0.678431 0.717647
v 11 4 -12 0.607843 0.678431 0.717647
v 12 4 -12 0.607843 0.678431 0.717647
v 13 4 -12 0.607843 0.678431 0.717647
v 14 4 -12 0.607843 0.678431 0.717647
v 15 4 -12 0.607843 0.678431 0.717647
v 16 4 -12 0.607843 0.678431 0.717647
v 2 4 -13 0.607843 0.678431 0.717647
v 3 4 -13 0.607843 0.678431 0.717647
v 2 5 -13 0.607843 0.678431 0.717647
v 4 4 -13 0.607843 0.678431 0.717647
v 5 4 -13 0.607843 0.678431 0.717647
v 6 4 -13 0.607843 0.678431 0.717647
v 7 4 -13 0.607843 0.678431 0.717647
v 8 4 -13 0.607843 0.678431 0.717647
v 9 4 -13 0.607843 0.678431 0.717647
v 10 4 -13 0.607843 0.678431 0.717647
v 11 4 -13 0.607843 0.678431 0.717647
v 12 4 -13 0.607843 0.678431 0.717647
v 13 4 -13 0.607843 0.678431 0.717647
v 14 4 -13 0.607843 0.678431 0.717647
v 15 4 -13 0.607843 0.678431 0.717647
v 16 4 -13 0.607843 0.678431 0.717647
v 2 4 -14 0.607843 0.678431 0.717647
v 3 4 -14 0.607843 0.678431 0.717647
v 2 5 -14 0.607843 0.678431 0.717647
v 4 4 -14 0.607843 0.678431 0.717647
v 5 4 -14 0.607843 0.678431 0.717647
v 6 4 -14 0.607843 0.678431 0.717647
v 7 4 -14 0.607843 0.678431 0.717647
v 8 4 -14 0.607843 0.678431 0.717647
v 9 4 -14 0.607843 0.678431 0.717647
v 10 4 -14 0.607843 0.678431 0.717647
v 11 4 -14 0.607843 0.678431 0.717647
v 12 4 -14 0.607843 0.678431 0.717647
v 13 4 -14 0.607843 0.678431 0.717647
v 14 4 -14 0.607843 0.678431 0.717647
v 15 4 -14 0.607843 0.678431 0.717647
v 16 4 -14 0.607843 0.678431 0.717647
v 2 4 -15 0.607843 0.678431 0.717647
v 3 4 -15 0.607843 0.678431 0.717647
v 2 5 -15 0.607843 0.678431 0.717647
v 4 4 -15 0.607843 0.678431 0.717647
v 5 4 -15 0.607843 0.678431 0.717647
v 6 4 -15 0.607843 0.678431 0.717647
v 7 4 -15 0.607843 0.678431 0.717647
v 8 4 -15 0.607843 0.678431 0.717647
v 9 4 -15 0.607843 0.678431 0.717647
v 10 4 -15 0.607843 0.678431 0.717647
v 11 4 -15 0.607843 0.678431 0.717647
v 12 4 -15 0.607843 0.678431 0.717647
v 13 4 -15 0.607843 0.678431 0.717647
v 14 4 -15 0.607843 0.678431 0.717647
v 15 4 -15 0.607843 0.678431 0.717647
v 16 4 -15 0.607843 0.678431 0.717647
v 2 4 -15 0.517647 0.494118 0.529412
v 2 5 -15 0.517647 0.494118 0.529412
v 2 5 -16 0.517647 0.494118 0.529412
v 2 4 -16 0.517647 0.494118 0.529412
v 6 4 -16 0.607843 0.678431 0.717647
v 7 4 -16 0.607843 0.678431 0.717647
v 8 4 -16 0.607843 0.678431 0.717647
v 9 4 -16 0.607843 0.678431 0.717647
v 10 4 -16 0.607843 0.678431 0.717647
v 11 4 -16 0.607843 0.678431 0.717647
v 12 4 -16 0.607843 0.678431 0.717647
v 13 4 -16 0.607843 0.678431 0.717647
v 14 4 -16 0.607843 0.678431 0.717647
v 3 6 -3 0.517647 0.494118 0.529412
v 2 6 -3 0.517647 0.494118 0.529412
v 2 6 -4 0.517647 0.494118 0.529412
v 4 6 -3 0.517647 0.494118 0.529412
v 5 6 -3 0.517647 0.494118 0.529412
v 6 6 -3 0.517647 0.494118 0.529412
v 7 6 -3 0.607843 0.678431 0.717647
v 6 6 -3 0.607843 0.678431 0.717647
v 8 6 -3 0.607843 0.678431 0.717647
v 9 6 -3 0.607843 0.678431 0.717647
v 10 6 -3 0.607843 0.678431 0.717647
v 11 6 -3 0.607843 0.678431 0.717647
v 12 6 -3 0.607843 0.678431 0.717647
v 13 6 -3 0.607843 0.678431 0.717647
v 14 6 -3 0.607843 0.678431 0.717647
v 15 6 -3 0.517647 0.494118 0.529412
v 14 6 -3 0.517647 0.494118 0.529412
v 16 6 -3 0.517647 0.494118 0.529412
v 2 6 -5 0.517647 0.494118 0.529412
v 2 6 -6 0.517647 0.494118 0.529412
v 2 6 -7 0.517647 0.494118 0.529412
v 2 6 -8 0.517647 0.494118 0.529412
v 2 5 -8 0.517647 0.494118 0.529412
v 2 6 -9 0.517647 0.494118 0.529412
v 2 5 -9 0.517647 0.494118 0.529412
v 2 6 -10 0.517647 0.494118 0.529412
v 2 5 -10 0.517647 0.494118 0.529412
v 2 6 -11 0.517647 0.494118 0.529412
v 2 5 -11 0.517647 0.494118 0.529412
v 2 6 -12 0.517647 0.494118 0.529412
v 2 5 -12 0.517647 0.494118 0.529412
v 2 6 -13 0.517647 0.494118 0.529412
v 2 5 -13 0.517647 0.494118 0.529412
v 2 6 -14 0.517647 0.494118 0.529412
v 2 5 -14 0.517647 0.494118 0.529412
v 2 6 -15 0.517647 0.494118 0.529412
v 2 6 -16 0.517647 0.494118 0.529412
v 3 7 -3 0.517647 0.494118 0.529412
v 2 7 -3 0.517647 0.494118 0.529412
v 2 7 -4 0.517647 0.494118 0.529412
v 4 7 -3 0.517647 0.494118 0.529412
v 5 7 -3 0.517647 0.494118 0.529412
v 6 7 -3 0.517647 0.494118 0.529412
v 7 6 -3 0.517647 0.494118 0.529412
v 7 7 -3 0.517647 0.494118 0.529412
v 8 6 -3 0.517647 0.494118 0.529412
v 8 7 -3 0.517647 0.494118 0.529412
v 9 6 -3 0.517647 0.494118 0.529412
v 9 7 -3 0.517647 0.494118 0.529412
v 10 6 -3 0.517647 0.494118 0.529412
v 10 7 -3 0.517647 0.494118 0.529412
v 11 6 -3 0.517647 0.494118 0.529412
v 11 7 -3 0.517647 0.494118 0.529412
v 12 6 -3 0.517647 0.494118 0.529412
v 12 7 -3 0.517647 0.494118 0.529412
v 13 6 -3 0.517647 0.494118 0.529412
v 13 7 -3 0.517647 0.494118 0.529412
v 14 7 -3 0.517647 0.494118 0.529412
v 15 7 -3 0.517647 0.494118 0.529412
v 16 7 -3 0.517647 0.494118 0.529412
v 2 7 -5 0.517647 0.494118 0.529412
v 2 7 -6 0.517647 0.494118 0.529412
v 2 7 -7 0.517647 0.494118 0.529412
v 2 7 -8 0.517647 0.494118 0.529412
v 2 7 -9 0.517647 0.494118 0.529412
v 2 7 -10 0.517647 0.494118 0.529412
v 2 7 -11 0.517647 0.494118 0.529412
v 2 7 -12 0.517647 0.494118 0.529412
v 2 7 -13 0.517647 0.494118 0.529412
v 2 7 -14 0.517647 0.494118 0.529412
v 2 7 -15 0.517647 0.494118 0.529412
v 2 7 -16 0.517647 0.494118 0.529412
v 3 8 -3 0.517647 0.494118 0.529412
v 2 8 -3 0.517647 0.494118 0.529412
v 2 8 -4 0.517647 0.494118 0.529412
v 4 8 -3 0.517647 0.494118 0.529412
v 5 8 -3 0.517647 0.494118 0.529412
v 6 8 -3 0.517647 0.494118 0.529412
v 7 8 -3 0.517647 0.494118 0.529412
v 8 8 -3 0.517647 0.494118 0.529412
v 9 8 -3 0.517647 0.494118 0.529412
v 10 8 -3 0.517647 0.494118 0.529412
v 11 8 -3 0.517647 0.494118 0.529412
v 12 8 -3 0.517647 0.494118 0.529412
v 13 8 -3 0.517647 0.494118 0.529412
v 14 8 -3 0.517647 0.494118 0.529412
v 15 8 -3 0.517647 0.494118 0.529412
v 16 8 -3 0.517647 0.494118 0.529412
v 2 8 -5 0.517647 0.494118 0.529412
v 2 8 -6 0.517647 0.494118 0.529412
v 2 8 -7 0.517647 0.494118 0.529412
v 2 8 -8 0.517647 0.494118 0.529412
v 2 8 -9 0.517647 0.494118 0.529412
v 2 8 -10 0.517647 0.494118 0.529412
v 2 8 -11 0.517647 0.494118 0.529412
v 2 8 -12 0.517647 0.494118 0.529412
v 2 8 -13 0.517647 0.494118 0.529412
v 2 8 -14 0.517647 0.494118 0.529412
v 2 8 -15 0.517647 0.494118 0.529412
v 2 8 -16 0.517647 0.494118 0.529412
v 6 8 -2 1.000000 1.000000 1.000000
v 7 8 -2 1.000000 1.000000 1.000000
v 7 9 -2 1.000000 1.000000 1.000000
v 6 9 -2 1.000000 1.000000 1.000000
v 6 8 -3 1.000000 1.000000 1.000000
v 7 8 -3 1.000000 1.000000 1.000000
v 6 9 -3 1.000000 1.000000 1.000000
v 8 8 -2 1.000000 1.000000 1.000000
v 8 9 -2 1.000000 1.000000 1.000000
v 8 8 -3 1.000000 1.000000 1.000000
v 9 8 -2 1.000000 1.000000 1.000000
v 9 9 -2 1.000000 1.000000 1.000000
v 9 8 -3 1.000000 1.000000 1.000000
v 9 9 -3 1.000000 1.000000 1.000000
v 11 8 -2 1.000000 1.000000 1.000000
v 12 8 -2 1.000000 1.000000 1.000000
v 12 9 -2 1.000000 1.000000 1.000000
v 11 9 -2 1.000000 1.000000 1.000000
v 11 8 -3 1.000000 1.000000 1.000000
v 12 8 -3 1.000000 1.000000 1.000000
v 11 9 -3 1.000000 1.000000 1.000000
v 13 8 -2 1.000000 1.000000 1.000000
v 13 9 -2 1.000000 1.000000 1.000000
v 13 8 -3 1.000000 1.000000 1.000000
v 14 8 -2 1.000000 1.000000 1.000000
v 14 9 -2 1.000000 1.000000 1.000000
v 14 8 -3 1.000000 1.000000 1.000000
v 14 9 -3 1.000000 1.000000 1.000000
v 0 8 -3 0.411765 0.415686 0.415686
v 1 8 -3 0.411765 0.415686 0.415686
v 1 9 -3 0.411765 0.415686 0.415686
v 0 9 -3 0.411765 0.415686 0.415686
v 1 8 -4 0.411765 0.415686 0.415686
v 0 8 -4 0.411765 0.415686 0.415686
v 0 9 -4 0.411765 0.415686 0.415686
v 1 9 -4 0.411765 0.415686 0.415686
v 2 8 -3 0.411765 0.415686 0.415686
v 2 9 -3 0.411765 0.415686 0.415686
v 2 8 -4 0.411765 0.415686 0.415686
v 2 9 -4 0.411765 0.415686 0.415686
v 3 9 -3 0.517647 0.494118 0.529412
v 2 9 -3 0.517647 0.494118 0.529412
v 4 9 -3 0.517647 0.494118 0.529412
v 5 9 -3 0.517647 0.494118 0.529412
v 6 9 -3 0.517647 0.494118 0.529412
v 10 9 -3 0.517647 0.494118 0.529412
v 9 9 -3 0.517647 0.494118 0.529412
v 11 9 -3 0.517647 0.494118 0.529412
v 15 9 -3 0.517647 0.494118 0.529412
v 14 9 -3 0.517647 0.494118 0.529412
v 16 9 -3 0.517647 0.494118 0.529412
v 2 9 -4 0.517647 0.494118 0.529412
v 2 9 -5 0.517647 0.494118 0.529412
v 2 9 -6 0.517647 0.494118 0.529412
v 2 9 -7 0.517647 0.494118 0.529412
v 2 9 -8 0.517647 0.494118 0.529412
v 2 9 -9 0.517647 0.494118 0.529412
v 2 9 -10 0.517647 0.494118 0.529412
v 2 9 -11 0.517647 0.494118 0.529412
v 2 9 -12 0.517647 0.494118 0.529412
v 2 9 -13 0.517647 0.494118 0.529412
v 2 9 -14 0.517647 0.494118 0.529412
v 2 9 -15 0.517647 0.494118 0.529412
v 2 9 -16 0.517647 0.494118 0.529412
v 7 10 -2 1.000000 1.000000 1.000000
v 6 10 -2 1.000000 1.000000 1.000000
v 6 10 -3 1.000000 1.000000 1.000000
v 8 10 -2 1.000000 1.000000 1.000000
v 9 10 -2 1.000000 1.000000 1.000000
v 10 9 -2 1.000000 1.000000 1.000000
v 10 10 -2 1.000000 1.000000 1.000000
v 10 9 -3 1.000000 1.000000 1.000000
v 11 10 -2 1.000000 1.000000 1.000000
v 12 10 -2 1.000000 1.000000 1.000000
v 13 10 -2 1.000000 1.000000 1.000000
v 14 10 -2 1.000000 1.000000 1.000000
v 14 10 -3 1.000000 1.000000 1.000000
v 3 10 -3 0.517647 0.494118 0.529412
v 2 10 -3 0.517647 0.494118 0.529412
v 2 10 -4 0.517647 0.494118 0.529412
v 4 10 -3 0.517647 0.494118 0.529412
v 5 10 -3 0.517647 0.494118 0.529412
v 6 10 -3 0.517647 0.494118 0.529412
v 15 10 -3 0.517647 0.494118 0.529412
v 14 10 -3 0.517647 0.494118 0.529412
v 16 10 -3 0.517647 0.494118 0.529412
v 2 10 -5 0.517647 0.494118 0.529412
v 2 10 -6 0.517647 0.494118 0.529412
v 2 10 -7 0.517647 0.494118 0.529412
v 2 10 -8 0.517647 0.494118 0.529412
v 2 10 -9 0.517647 0.494118 0.529412
v 2 10 -10 0.517647 0.494118 0.529412
v 2 10 -11 0.517647 0.494118 0.529412
v 2 10 -12 0.517647 0.494118 0.529412
v 2 10 -13 0.517647 0.494118 0.529412
v 2 10 -14 0.517647 0.494118 0.529412
v 2 10 -15 0.517647 0.494118 0.529412
v 2 10 -16 0.517647 0.494118 0.529412
v 7 11 -2 1.000000 1.000000 1.000000
v 6 11 -2 1.000000 1.000000 1.000000
v 7 11 -3 1.000000 1.000000 1.000000
v 6 11 -3 1.000000 1.000000 1.000000
v 8 11 -2 1.000000 1.000000 1.000000
v 8 11 -3 1.000000 1.000000 1.000000
v 9 11 -2 1.000000 1.000000 1.000000
v 9 11 -3 1.000000 1.000000 1.000000
v 9 10 -2 0.843137 0.482353 0.729412
v 10 10 -2 0.843137 0.482353 0.729412
v 10 11 -2 0.843137 0.482353 0.729412
v 9 11 -2 0.843137 0.482353 0.729412
v 10 11 -3 0.843137 0.482353 0.729412
v 9 11 -3 0.843137 0.482353 0.729412
v 11 10 -2 0.843137 0.482353 0.729412
v 11 11 -2 0.843137 0.482353 0.729412
v 11 11 -3 0.843137 0.482353 0.729412
v 12 11 -2 1.000000 1.000000 1.000000
v 11 11 -2 1.000000 1.000000 1.000000
v 12 11 -3 1.000000 1.000000 1.000000
v 11 11 -3 1.000000 1.000000 1.000000
v 13 11 -2 1.000000 1.000000 1.000000
v 13 11 -3 1.000000 1.000000 1.000000
v 14 11 -2 1.000000 1.000000 1.000000
v 14 11 -3 1.000000 1.000000 1.000000
v 0 10 -3 0.411765 0.415686 0.415686
v 1 10 -3 0.411765 0.415686 0.415686
v 1 11 -3 0.411765 0.415686 0.415686
v 0 11 -3 0.411765 0.415686 0.415686
v 1 10 -4 0.411765 0.415686 0.415686
v 0 10 -4 0.411765 0.415686 0.415686
v 0 11 -4 0.411765 0.415686 0.415686
v 1 11 -4 0.411765 0.415686 0.415686
v 2 10 -3 0.411765 0.415686 0.415686
v 2 11 -3 0.411765 0.415686 0.415686
v 2 10 -4 0.411765 0.415686 0.415686
v 2 11 -4 0.411765 0.415686 0.415686
v 3 11 -3 0.517647 0.494118 0.529412
v 2 11 -3 0.517647 0.494118 0.529412
v 4 11 -3 0.517647 0.494118 0.529412
v 5 11 -3 0.517647 0.494118 0.529412
v 6 11 -3 0.517647 0.494118 0.529412
v 15 11 -3 0.517647 0.494118 0.529412
v 14 11 -3 0.517647 0.494118 0.529412
v 16 11 -3 0.517647 0.494118 0.529412
v 2 11 -4 0.517647 0.494118 0.529412
v 2 11 -5 0.517647 0.494118 0.529412
v 2 11 -6 0.517647 0.494118 0.529412
v 2 11 -7 0.517647 0.494118 0.529412
v 2 11 -8 0.517647 0.494118 0.529412
v 2 11 -9 0.517647 0.494118 0.529412
v 2 11 -10 0.517647 0.494118 0.529412
v 2 11 -11 0.517647 0.494118 0.529412
v 2 11 -12 0.517647 0.494118 0.529412
v 2 11 -13 0.517647 0.494118 0.529412
v 2 11 -14 0.517647 0.494118 0.529412
v 2 11 -15 0.517647 0.494118 0.529412
v 2 11 -16 0.517647 0.494118 0.529412
v 3 12 -3 0.517647 0.494118 0.529412
v 2 12 -3 0.517647 0.494118 0.529412
v 2 12 -4 0.517647 0.494118 0.529412
v 4 12 -3 0.517647 0.494118 0.529412
v 4 11 -3 0.984314 0.949020 0.211765
v 5 11 -3 0.984314 0.949020 0.211765
v 5 12 -3 0.984314 0.949020 0.211765
v 4 12 -3 0.984314 0.949020 0.211765
v 6 11 -3 0.984314 0.949020 0.211765
v 6 12 -3 0.984314 0.949020 0.211765
v 7 11 -3 0.984314 0.949020 0.211765
v 7 12 -3 0.984314 0.949020 0.211765
v 8 11 -3 0.984314 0.949020 0.211765
v 8 12 -3 0.984314 0.949020 0.211765
v 8 11 -3 0.517647 0.494118 0.529412
v 9 11 -3 0.517647 0.494118 0.529412
v 9 12 -3 0.517647 0.494118 0.529412
v 8 12 -3 0.517647 0.494118 0.529412
v 10 11 -3 0.517647 0.494118 0.529412
v 10 12 -3 0.517647 0.494118 0.529412
v 11 11 -3 0.517647 0.494118 0.529412
v 11 12 -3 0.517647 0.494118 0.529412
v 12 11 -3 0.517647 0.494118 0.529412
v 12 12 -3 0.517647 0.494118 0.529412
v 12 11 -3 0.984314 0.949020 0.211765
v 13 11 -3 0.984314 0.949020 0.211765
v 13 12 -3 0.984314 0.949020 0.211765
v 12 12 -3 0.984314 0.949020 0.211765
v 14 11 -3 0.984314 0.949020 0.211765
v 14 12 -3 0.984314 0.949020 0.211765
v 15 11 -3 0.984314 0.949020 0.211765
v 15 12 -3 0.984314 0.949020 0.211765
v 16 11 -3 0.984314 0.949020 0.211765
v 16 12 -3 0.984314 0.949020 0.211765
v 2 12 -5 0.517647 0.494118 0.529412
v 2 12 -6 0.517647 0.494118 0.529412
v 2 12 -7 0.517647 0.494118 0.529412
v 2 12 -8 0.517647 0.494118 0.529412
v 2 12 -9 0.517647 0.494118 0.529412
v 2 12 -10 0.517647 0.494118 0.529412
v 2 12 -11 0.517647 0.494118 0.529412
v 2 12 -12 0.517647 0.494118 0.529412
v 2 12 -13 0.517647 0.494118 0.529412
v 2 12 -14 0.517647 0.494118 0.529412
v 2 12 -15 0.517647 0.494118 0.529412
v 2 12 -16 0.517647 0.494118 0.529412
v 3 13 -3 0.517647 0.494118 0.529412
v 2 13 -3 0.517647 0.494118 0.529412
v 2 13 -4 0.517647 0.494118 0.529412
v 4 13 -3 0.517647 0.494118 0.529412
v 5 13 -3 0.984314 0.949020 0.211765
v 4 13 -3 0.984314 0.949020 0.211765
v 5 12 -3 0.133333 0.125490 0.203922
v 6 12 -3 0.133333 0.125490 0.203922
v 6 13 -3 0.133333 0.125490 0.203922
v 5 13 -3 0.133333 0.125490 0.203922
v 7 12 -3 0.133333 0.125490 0.203922
v 7 13 -3 0.133333 0.125490 0.203922
v 8 12 -3 0.133333 0.125490 0.203922
v 8 13 -3 0.133333 0.125490 0.203922
v 9 13 -3 0.517647 0.494118 0.529412
v 8 13 -3 0.517647 0.494118 0.529412
v 10 13 -3 0.517647 0.494118 0.529412
v 11 13 -3 0.517647 0.494118 0.529412
v 12 13 -3 0.517647 0.494118 0.529412
v 13 13 -3 0.984314 0.949020 0.211765
v 12 13 -3 0.984314 0.949020 0.211765
v 13 12 -3 0.133333 0.125490 0.203922
v 14 12 -3 0.133333 0.125490 0.203922
v 14 13 -3 0.133333 0.125490 0.203922
v 13 13 -3 0.133333 0.125490 0.203922
v 15 12 -3 0.133333 0.125490 0.203922
v 15 13 -3 0.133333 0.125490 0.203922
v 16 12 -3 0.133333 0.125490 0.203922
v 16 13 -3 0.133333 0.125490 0.203922
v 2 13 -5 0.517647 0.494118 0.529412
v 2 13 -6 0.517647 0.494118 0.529412
v 2 13 -7 0.517647 0.494118 0.529412
v 2 13 -8 0.517647 0.494118 0.529412
v 2 13 -9 0.517647 0.494118 0.529412
v 2 13 -10 0.517647 0.494118 0.529412
v 2 13 -11 0.517647 0.494118 0.529412
v 2 13 -12 0.517647 0.494118 0.529412
v 2 13 -13 0.517647 0.494118 0.529412
v 2 13 -14 0.517647 0.494118 0.529412
v 2 13 -15 0.517647 0.494118 0.529412
v 2 13 -16 0.517647 0.494118 0.529412
v 3 14 -3 0.517647 0.494118 0.529412
v 2 14 -3 0.517647 0.494118 0.529412
v 2 14 -4 0.517647 0.494118 0.529412
v 4 14 -3 0.517647 0.494118 0.529412
v 5 14 -3 0.984314 0.949020 0.211765
v 4 14 -3 0.984314 0.949020 0.211765
v 6 14 -3 0.133333 0.125490 0.203922
v 5 14 -3 0.133333 0.125490 0.203922
v 7 14 -3 0.133333 0.125490 0.203922
v 8 14 -3 0.133333 0.125490 0.203922
v 9 14 -3 0.517647 0.494118 0.529412
v 8 14 -3 0.517647 0.494118 0.529412
v 10 14 -3 0.517647 0.494118 0.529412
v 11 14 -3 0.517647 0.494118 0.529412
v 12 14 -3 0.517647 0.494118 0.529412
v 13 14 -3 0.984314 0.949020 0.211765
v 12 14 -3 0.984314 0.949020 0.211765
v 14 14 -3 0.133333 0.125490 0.203922
v 13 14 -3 0.133333 0.125490 0.203922
v 15 14 -3 0.133333 0.125490 0.203922
v 16 14 -3 0.133333 0.125490 0.203922
v 2 14 -5 0.517647 0.494118 0.529412
v 2 14 -6 0.517647 0.494118 0.529412
v 2 14 -7 0.517647 0.494118 0.529412
v 2 14 -8 0.517647 0.494118 0.529412
v 2 14 -9 0.517647 0.494118 0.529412
v 2 14 -10 0.517647 0.494118 0.529412
v 2 14 -11 0.517647 0.494118 0.529412
v 2 14 -12 0.517647 0.494118 0.529412
v 2 14 -13 0.517647 0.494118 0.529412
v 2 14 -14 0.517647 0.494118 0.529412
v 2 14 -15 0.517647 0.494118 0.529412
v 2 14 -16 0.517647 0.494118 0.529412
v 3 15 -3 0.517647 0.494118 0.529412
v 2 15 -3 0.517647 0.494118 0.529412
v 2 15 -4 0.517647 0.494118 0.529412
v 4 15 -3 0.517647 0.494118 0.529412
v 5 15 -3 0.984314 0.949020 0.211765
v 4 15 -3 0.984314 0.949020 0.211765
v 6 15 -3 0.133333 0.125490 0.203922
v 5 15 -3 0.133333 0.125490 0.203922
v 7 15 -3 0.133333 0.125490 0.203922
v 7 14 -3 1.000000 1.000000 1.000000
v 8 14 -3 1.000000 1.000000 1.000000
v 8 15 -3 1.000000 1.000000 1.000000
v 7 15 -3 1.000000 1.000000 1.000000
v 9 15 -3 0.517647 0.494118 0.529412
v 8 15 -3 0.517647 0.494118 0.529412
v 10 15 -3 0.517647 0.494118 0.529412
v 11 15 -3 0.517647 0.494118 0.529412
v 12 15 -3 0.517647 0.494118 0.529412
v 13 15 -3 0.984314 0.949020 0.211765
v 12 15 -3 0.984314 0.949020 0.211765
v 14 15 -3 0.133333 0.125490 0.203922
v 13 15 -3 0.133333 0.125490 0.203922
v 15 15 -3 0.133333 0.125490 0.203922
v 15 14 -3 1.000000 1.000000 1.000000
v 16 14 -3 1.000000 1.000000 1.000000
v 16 15 -3 1.000000 1.000000 1.000000
v 15 15 -3 1.000000 1.000000 1.000000
v 2 15 -5 0.517647 0.494118 0.529412
v 2 15 -6 0.517647 0.494118 0.529412
v 2 15 -7 0.517647 0.494118 0.529412
v 2 15 -8 0.517647 0.494118 0.529412
v 2 15 -9 0.517647 0.494118 0.529412
v 2 15 -10 0.517647 0.494118 0.529412
v 2 15 -11 0.517647 0.494118 0.529412
v 2 15 -12 0.517647 0.494118 0.529412
v 2 15 -13 0.517647 0.494118 0.529412
v 2 15 -14 0.517647 0.494118 0.529412
v 2 15 -15 0.517647 0.494118 0.529412
v 2 15 -16 0.517647 0.494118 0.529412
v 3 16 -3 0.517647 0.494118 0.529412
v 2 16 -3 0.517647 0.494118 0.529412
v 2 16 -4 0.517647 0.494118 0.529412
v 4 16 -3 0.517647 0.494118 0.529412
v 5 15 -3 0.517647 0.494118 0.529412
v 5 16 -3 0.517647 0.494118 0.529412
v 6 15 -3 0.517647 0.494118 0.529412
v 6 16 -3 0.517647 0.494118 0.529412
v 7 15 -3 0.517647 0.494118 0.529412
v 7 16 -3 0.517647 0.494118 0.529412
v 8 16 -3 0.517647 0.494118 0.529412
v 9 16 -3 0.517647 0.494118 0.529412
v 10 16 -3 0.517647 0.494118 0.529412
v 11 16 -3 0.517647 0.494118 0.529412
v 12 16 -3 0.517647 0.494118 0.529412
v 13 15 -3 0.517647 0.494118 0.529412
v 13 16 -3 0.517647 0.494118 0.529412
v 14 15 -3 0.517647 0.494118 0.529412
v 14 16 -3 0.517647 0.494118 0.529412
v 15 15 -3 0.517647 0.494118 0.529412
v 15 16 -3 0.517647 0.494118 0.529412
v 16 15 -3 0.517647 0.494118 0.529412
v 16 16 -3 0.517647 0.494118 0.529412
v 2 16 -5 0.517647 0.494118 0.529412
v 2 16 -6 0.517647 0.494118 0.529412
v 2 16 -7 0.517647 0.494118 0.529412
v 2 16 -8 0.517647 0.494118 0.529412
v 2 16 -9 0.517647 0.494118 0.529412
v 2 16 -10 0.517647 0.494118 0.529412
v 2 16 -11 0.517647 0.494118 0.529412
v 2 16 -12 0.517647 0.494118 0.529412
v 2 16 -13 0.517647 0.494118 0.529412
v 2 16 -14 0.517647 0.494118 0.529412
v 2 16 -15 0.517647 0.494118 0.529412
v 2 16 -16 0.517647 0.494118 0.529412
v 17 0 -1 0.388235 0.607843 1.000000
v 18 0 -1 0.388235 0.607843 1.000000
v 18 1 -1 0.388235 0.607843 1.000000
v 17 1 -1 0.388235 0.607843 1.000000
v 17 0 -2 0.388235 0.607843 1.000000
v 18 0 -2 0.388235 0.607843 1.000000
v 17 1 -2 0.388235 0.607843 1.000000
v 19 0 -1 0.388235 0.607843 1.000000
v 19 1 -1 0.388235 0.607843 1.000000
v 19 0 -2 0.388235 0.607843 1.000000
v 19 1 -2 0.388235 0.607843 1.000000
v 17 0 -3 0.388235 0.607843 1.000000
v 18 0 -3 0.388235 0.607843 1.000000
v 18 1 -2 0.388235 0.607843 1.000000
v 18 1 -3 0.388235 0.607843 1.000000
v 17 1 -3 0.388235 0.607843 1.000000
v 19 0 -3 0.388235 0.607843 1.000000
v 19 1 -3 0.388235 0.607843 1.000000
v 18 0 -4 0.388235 0.607843 1.000000
v 17 0 -4 0.388235 0.607843 1.000000
v 17 1 -4 0.388235 0.607843 1.000000
v 18 1 -4 0.388235 0.607843 1.000000
v 19 0 -4 0.388235 0.607843 1.000000
v 19 1 -4 0.388235 0.607843 1.000000
v 17 0 -5 0.388235 0.607843 1.000000
v 18 0 -5 0.388235 0.607843 1.000000
v 18 1 -5 0.388235 0.607843 1.000000
v 17 1 -5 0.388235 0.607843 1.000000
v 17 0 -6 0.388235 0.607843 1.000000
v 18 0 -6 0.388235 0.607843 1.000000
v 17 1 -6 0.388235 0.607843 1.000000
v 19 0 -5 0.388235 0.607843 1.000000
v 19 1 -5 0.388235 0.607843 1.000000
v 19 0 -6 0.388235 0.607843 1.000000
v 19 1 -6 0.388235 0.607843 1.000000
v 17 0 -7 0.388235 0.607843 1.000000
v 18 0 -7 0.388235 0.607843 1.000000
v 18 1 -6 0.388235 0.607843 1.000000
v 18 1 -7 0.388235 0.607843 1.000000
v 17 1 -7 0.388235 0.607843 1.000000
v 19 0 -7 0.388235 0.607843 1.000000
v 19 1 -7 0.388235 0.607843 1.000000
v 18 0 -8 0.388235 0.607843 1.000000
v 17 0 -8 0.388235 0.607843 1.000000
v 17 1 -8 0.388235 0.607843 1.000000
v 18 1 -8 0.388235 0.607843 1.000000
v 19 0 -8 0.388235 0.607843 1.000000
v 19 1 -8 0.388235 0.607843 1.000000
v 17 0 -13 0.388235 0.607843 1.000000
v 18 0 -13 0.388235 0.607843 1.000000
v 18 1 -13 0.388235 0.607843 1.000000
v 17 1 -13 0.388235 0.607843 1.000000
v 17 0 -14 0.388235 0.607843 1.000000
v 18 0 -14 0.388235 0.607843 1.000000
v 17 1 -14 0.388235 0.607843 1.000000
v 19 0 -13 0.388235 0.607843 1.000000
v 19 1 -13 0.388235 0.607843 1.000000
v 19 0 -14 0.388235 0.607843 1.000000
v 19 1 -14 0.388235 0.607843 1.000000
v 17 0 -15 0.388235 0.607843 1.000000
v 18 0 -15 0.388235 0.607843 1.000000
v 18 1 -14 0.388235 0.607843 1.000000
v 18 1 -15 0.388235 0.607843 1.000000
v 17 1 -15 0.388235 0.607843 1.000000
v 19 0 -15 0.388235 0.607843 1.000000
v 19 1 -15 0.388235 0.607843 1.000000
v 18 0 -16 0.388235 0.607843 1.000000
v 17 0 -16 0.388235 0.607843 1.000000
v 17 1 -16 0.388235 0.607843 1.000000
v 18 1 -16 0.388235 0.607843 1.000000
v 19 0 -16 0.388235 0.607843 1.000000
v 19 1 -16 0.388235 0.607843 1.000000
v 18 2 -1 0.388235 0.607843 1.000000
v 17 2 -1 0.388235 0.607843 1.000000
v 17 2 -2 0.388235 0.607843 1.000000
v 18 2 -2 0.388235 0.607843 1.000000
v 19 2 -1 0.388235 0.607843 1.000000
v 19 2 -2 0.388235 0.607843 1.000000
v 16 1 -2 0.000000 0.000000 0.000000
v 17 1 -2 0.000000 0.000000 0.000000
v 17 2 -2 0.000000 0.000000 0.000000
v 16 2 -2 0.000000 0.000000 0.000000
v 16 1 -3 0.000000 0.000000 0.000000
v 17 1 -3 0.000000 0.000000 0.000000
v 17 2 -3 0.000000 0.000000 0.000000
v 16 1 -4 0.000000 0.000000 0.000000
v 17 1 -4 0.000000 0.000000 0.000000
v 18 2 -3 0.388235 0.607843 1.000000
v 17 2 -3 0.388235 0.607843 1.000000
v 17 2 -4 0.388235 0.607843 1.000000
v 18 2 -4 0.388235 0.607843 1.000000
v 19 2 -3 0.388235 0.607843 1.000000
v 19 2 -4 0.388235 0.607843 1.000000
v 16 1 -5 0.000000 0.000000 0.000000
v 17 1 -5 0.000000 0.000000 0.000000
v 17 2 -5 0.000000 0.000000 0.000000
v 17 2 -4 0.000000 0.000000 0.000000
v 16 1 -6 0.000000 0.000000 0.000000
v 17 1 -6 0.000000 0.000000 0.000000
v 18 2 -5 0.388235 0.607843 1.000000
v 17 2 -5 0.388235 0.607843 1.000000
v 17 2 -6 0.388235 0.607843 1.000000
v 18 2 -6 0.388235 0.607843 1.000000
v 19 2 -5 0.388235 0.607843 1.000000
v 19 2 -6 0.388235 0.607843 1.000000
v 17 1 -7 0.000000 0.000000 0.000000
v 16 1 -7 0.000000 0.000000 0.000000
v 16 2 -7 0.000000 0.000000 0.000000
v 17 2 -7 0.000000 0.000000 0.000000
v 17 2 -6 0.000000 0.000000 0.000000
v 18 2 -7 0.388235 0.607843 1.000000
v 17 2 -7 0.388235 0.607843 1.000000
v 17 2 -8 0.388235 0.607843 1.000000
v 18 2 -8 0.388235 0.607843 1.000000
v 19 2 -7 0.388235 0.607843 1.000000
v 19 2 -8 0.388235 0.607843 1.000000
v 18 2 -13 0.388235 0.607843 1.000000
v 17 2 -13 0.388235 0.607843 1.000000
v 17 2 -14 0.388235 0.607843 1.000000
v 18 2 -14 0.388235 0.607843 1.000000
v 19 2 -13 0.388235 0.607843 1.000000
v 19 2 -14 0.388235 0.607843 1.000000
v 16 1 -14 0.000000 0.000000 0.000000
v 17 1 -14 0.000000 0.000000 0.000000
v 17 2 -14 0.000000 0.000000 0.000000
v 16 2 -14 0.000000 0.000000 0.000000
v 16 1 -15 0.000000 0.000000 0.000000
v 17 1 -15 0.000000 0.000000 0.000000
v 17 2 -15 0.000000 0.000000 0.000000
v 17 1 -16 0.000000 0.000000 0.000000
v 18 2 -15 0.388235 0.607843 1.000000
v 17 2 -15 0.388235 0.607843 1.000000
v 17 2 -16 0.388235 0.607843 1.000000
v 18 2 -16 0.388235 0.607843 1.000000
v 19 2 -15 0.388235 0.607843 1.000000
v 19 2 -16 0.388235 0.607843 1.000000
v 18 3 -1 0.388235 0.607843 1.000000
v 17 3 -1 0.388235 0.607843 1.000000
v 18 3 -2 0.388235 0.607843 1.000000
v 17 3 -2 0.388235 0.607843 1.000000
v 19 3 -1 0.388235 0.607843 1.000000
v 19 3 -2 0.388235 0.607843 1.000000
v 17 3 -2 0.000000 0.000000 0.000000
v 17 3 -3 0.000000 0.000000 0.000000
v 18 2 -3 0.000000 0.000000 0.000000
v 18 2 -2 0.000000 0.000000 0.000000
v 18 3 -2 0.000000 0.000000 0.000000
v 18 3 -3 0.000000 0.000000 0.000000
v 19 3 -3 0.388235 0.607843 1.000000
v 18 3 -3 0.388235 0.607843 1.000000
v 18 3 -4 0.388235 0.607843 1.000000
v 19 3 -4 0.388235 0.607843 1.000000
v 18 2 -5 0.000000 0.000000 0.000000
v 18 2 -4 0.000000 0.000000 0.000000
v 18 3 -5 0.000000 0.000000 0.000000
v 18 3 -4 0.000000 0.000000 0.000000
v 19 3 -5 0.388235 0.607843 1.000000
v 18 3 -5 0.388235 0.607843 1.000000
v 19 3 -6 0.388235 0.607843 1.000000
v 18 3 -6 0.388235 0.607843 1.000000
v 17 3 -7 0.000000 0.000000 0.000000
v 18 2 -7 0.000000 0.000000 0.000000
v 18 2 -6 0.000000 0.000000 0.000000
v 19 3 -7 0.388235 0.607843 1.000000
v 18 3 -7 0.388235 0.607843 1.000000
v 17 3 -8 0.388235 0.607843 1.000000
v 18 3 -8 0.388235 0.607843 1.000000
v 17 3 -7 0.388235 0.607843 1.000000
v 19 3 -8 0.388235 0.607843 1.000000
v 18 3 -13 0.388235 0.607843 1.000000
v 17 3 -13 0.388235 0.607843 1.000000
v 18 3 -14 0.388235 0.607843 1.000000
v 17 3 -14 0.388235 0.607843 1.000000
v 19 3 -13 0.388235 0.607843 1.000000
v 19 3 -14 0.388235 0.607843 1.000000
v 17 3 -14 0.000000 0.000000 0.000000
v 17 3 -15 0.000000 0.000000 0.000000
v 18 2 -15 0.000000 0.000000 0.000000
v 18 2 -14 0.000000 0.000000 0.000000
v 18 3 -14 0.000000 0.000000 0.000000
v 18 3 -15 0.000000 0.000000 0.000000
v 19 3 -15 0.388235 0.607843 1.000000
v 18 3 -15 0.388235 0.607843 1.000000
v 18 3 -16 0.388235 0.607843 1.000000
v 19 3 -16 0.388235 0.607843 1.000000
v 17 4 -3 0.000000 0.000000 0.000000
v 18 4 -3 0.000000 0.000000 0.000000
v 18 4 -4 0.000000 0.000000 0.000000
v 18 4 -5 0.000000 0.000000 0.000000
v 18 3 -6 0.000000 0.000000 0.000000
v 18 4 -6 0.000000 0.000000 0.000000
v 17 4 -7 0.000000 0.000000 0.000000
v 18 3 -7 0.000000 0.000000 0.000000
v 18 4 -7 0.000000 0.000000 0.000000
v 17 4 -15 0.000000 0.000000 0.000000
v 18 4 -15 0.000000 0.000000 0.000000
v 18 3 -16 0.000000 0.000000 0.000000
v 18 4 -16 0.000000 0.000000 0.000000
v 17 4 -3 0.517647 0.494118 0.529412
v 17 5 -3 0.517647 0.494118 0.529412
v 18 4 -3 0.517647 0.494118 0.529412
v 18 5 -3 0.517647 0.494118 0.529412
v 18 4 -4 0.517647 0.494118 0.529412
v 18 5 -4 0.517647 0.494118 0.529412
v 18 4 -5 0.517647 0.494118 0.529412
v 18 5 -5 0.517647 0.494118 0.529412
v 18 4 -6 0.517647 0.494118 0.529412
v 18 5 -6 0.517647 0.494118 0.529412
v 18 4 -7 0.517647 0.494118 0.529412
v 18 5 -7 0.517647 0.494118 0.529412
v 17 4 -8 0.607843 0.678431 0.717647
v 17 4 -7 0.607843 0.678431 0.717647
v 18 4 -8 0.607843 0.678431 0.717647
v 18 4 -7 0.607843 0.678431 0.717647
v 18 5 -8 0.607843 0.678431 0.717647
v 18 5 -7 0.607843 0.678431 0.717647
v 17 4 -9 0.607843 0.678431 0.717647
v 18 4 -9 0.607843 0.678431 0.717647
v 18 5 -9 0.607843 0.678431 0.717647
v 17 4 -10 0.607843 0.678431 0.717647
v 18 4 -10 0.607843 0.678431 0.717647
v 18 5 -10 0.607843 0.678431 0.717647
v 17 4 -11 0.607843 0.678431 0.717647
v 18 4 -11 0.607843 0.678431 0.717647
v 18 5 -11 0.607843 0.678431 0.717647
v 17 4 -12 0.607843 0.678431 0.717647
v 18 4 -12 0.607843 0.678431 0.717647
v 18 5 -12 0.607843 0.678431 0.717647
v 17 4 -13 0.607843 0.678431 0.717647
v 18 4 -13 0.607843 0.678431 0.717647
v 18 5 -13 0.607843 0.678431 0.717647
v 17 4 -14 0.607843 0.678431 0.717647
v 18 4 -14 0.607843 0.678431 0.717647
v 18 5 -14 0.607843 0.678431 0.717647
v 17 4 -15 0.607843 0.678431 0.717647
v 18 4 -15 0.607843 0.678431 0.717647
v 18 5 -15 0.607843 0.678431 0.717647
v 18 4 -15 0.517647 0.494118 0.529412
v 18 4 -16 0.517647 0.494118 0.529412
v 18 5 -16 0.517647 0.494118 0.529412
v 18 5 -15 0.517647 0.494118 0.529412
v 17 6 -3 0.517647 0.494118 0.529412
v 18 6 -3 0.517647 0.494118 0.529412
v 18 6 -4 0.517647 0.494118 0.529412
v 18 6 -5 0.517647 0.494118 0.529412
v 18 6 -6 0.517647 0.494118 0.529412
v 18 6 -7 0.517647 0.494118 0.529412
v 18 5 -8 0.517647 0.494118 0.529412
v 18 6 -8 0.517647 0.494118 0.529412
v 18 5 -9 0.517647 0.494118 0.529412
v 18 6 -9 0.517647 0.494118 0.529412
v 18 5 -10 0.517647 0.494118 0.529412
v 18 6 -10 0.517647 0.494118 0.529412
v 18 5 -11 0.517647 0.494118 0.529412
v 18 6 -11 0.517647 0.494118 0.529412
v 18 5 -12 0.517647 0.494118 0.529412
v 18 6 -12 0.517647 0.494118 0.529412
v 18 5 -13 0.517647 0.494118 0.529412
v 18 6 -13 0.517647 0.494118 0.529412
v 18 5 -14 0.517647 0.494118 0.529412
v 18 6 -14 0.517647 0.494118 0.529412
v 18 6 -15 0.517647 0.494118 0.529412
v 18 6 -16 0.517647 0.494118 0.529412
v 17 7 -3 0.517647 0.494118 0.529412
v 18 7 -3 0.517647 0.494118 0.529412
v 18 7 -4 0.517647 0.494118 0.529412
v 18 7 -5 0.517647 0.494118 0.529412
v 18 7 -6 0.517647 0.494118 0.529412
v 18 7 -7 0.517647 0.494118 0.529412
v 18 7 -8 0.517647 0.494118 0.529412
v 18 7 -9 0.517647 0.494118 0.529412
v 18 7 -10 0.517647 0.494118 0.529412
v 18 7 -11 0.517647 0.494118 0.529412
v 18 7 -12 0.517647 0.494118 0.529412
v 18 7 -13 0.517647 0.494118 0.529412
v 18 7 -14 0.517647 0.494118 0.529412
v 18 7 -15 0.517647 0.494118 0.529412
v 18 7 -16 0.517647 0.494118 0.529412
v 17 8 -3 0.517647 0.494118 0.529412
v 18 8 -3 0.517647 0.494118 0.529412
v 18 8 -4 0.517647 0.494118 0.529412
v 18 8 -5 0.517647 0.494118 0.529412
v 18 8 -6 0.517647 0.494118 0.529412
v 18 8 -7 0.517647 0.494118 0.529412
v 18 8 -8 0.517647 0.494118 0.529412
v 18 8 -9 0.517647 0.494118 0.529412
v 18 8 -10 0.517647 0.494118 0.529412
v 18 8 -11 0.517647 0.494118 0.529412
v 18 8 -12 0.517647 0.494118 0.529412
v 18 8 -13 0.517647 0.494118 0.529412
v 18 8 -14 0.517647 0.494118 0.529412
v 18 8 -15 0.517647 0.494118 0.529412
v 18 8 -16 0.517647 0.494118 0.529412
v 17 9 -3 0.517647 0.494118 0.529412
v 18 9 -3 0.517647 0.494118 0.529412
v 18 8 -3 0.411765 0.415686 0.415686
v 19 8 -3 0.411765 0.415686 0.415686
v 19 9 -3 0.411765 0.415686 0.415686
v 18 9 -3 0.411765 0.415686 0.415686
v 19 8 -4 0.411765 0.415686 0.415686
v 18 8 -4 0.411765 0.415686 0.415686
v 18 9 -4 0.411765 0.415686 0.415686
v 19 9 -4 0.411765 0.415686 0.415686
v 20 8 -3 0.411765 0.415686 0.415686
v 20 9 -3 0.411765 0.415686 0.415686
v 20 8 -4 0.411765 0.415686 0.415686
v 20 9 -4 0.411765 0.415686 0.415686
v 18 9 -5 0.517647 0.494118 0.529412
v 18 9 -4 0.517647 0.494118 0.529412
v 18 9 -6 0.517647 0.494118 0.529412
v 18 9 -7 0.517647 0.494118 0.529412
v 18 9 -8 0.517647 0.494118 0.529412
v 18 9 -9 0.517647 0.494118 0.529412
v 18 9 -10 0.517647 0.494118 0.529412
v 18 9 -11 0.517647 0.494118 0.529412
v 18 9 -12 0.517647 0.494118 0.529412
v 18 9 -13 0.517647 0.494118 0.529412
v 18 9 -14 0.517647 0.494118 0.529412
v 18 9 -15 0.517647 0.494118 0.529412
v 18 9 -16 0.517647 0.494118 0.529412
v 17 10 -3 0.517647 0.494118 0.529412
v 18 10 -3 0.517647 0.494118 0.529412
v 18 10 -4 0.517647 0.494118 0.529412
v 18 10 -5 0.517647 0.494118 0.529412
v 18 10 -6 0.517647 0.494118 0.529412
v 18 10 -7 0.517647 0.494118 0.529412
v 18 10 -8 0.517647 0.494118 0.529412
v 18 10 -9 0.517647 0.494118 0.529412
v 18 10 -10 0.517647 0.494118 0.529412
v 18 10 -11 0.517647 0.494118 0.529412
v 18 10 -12 0.517647 0.494118 0.529412
v 18 10 -13 0.517647 0.494118 0.529412
v 18 10 -14 0.517647 0.494118 0.529412
v 18 10 -15 0.517647 0.494118 0.529412
v 18 10 -16 0.517647 0.494118 0.529412
v 17 11 -3 0.517647 0.494118 0.529412
v 18 11 -3 0.517647 0.494118 0.529412
v 18 10 -3 0.411765 0.415686 0.415686
v 19 10 -3 0.411765 0.415686 0.415686
v 19 11 -3 0.411765 0.415686 0.415686
v 18 11 -3 0.411765 0.415686 0.415686
v 19 10 -4 0.411765 0.415686 0.415686
v 18 10 -4 0.411765 0.415686 0.415686
v 18 11 -4 0.411765 0.415686 0.415686
v 19 11 -4 0.411765 0.415686 0.415686
v 20 10 -3 0.411765 0.415686 0.415686
v 20 11 -3 0.411765 0.415686 0.415686
v 20 10 -4 0.411765 0.415686 0.415686
v 20 11 -4 0.411765 0.415686 0.415686
v 18 11 -5 0.517647 0.494118 0.529412
v 18 11 -4 0.517647 0.494118 0.529412
v 18 11 -6 0.517647 0.494118 0.529412
v 18 11 -7 0.517647 0.494118 0.529412
v 18 11 -8 0.517647 0.494118 0.529412
v 18 11 -9 0.517647 0.494118 0.529412
v 18 11 -10 0.517647 0.494118 0.529412
v 18 11 -11 0.517647 0.494118 0.529412
v 18 11 -12 0.517647 0.494118 0.529412
v 18 11 -13 0.517647 0.494118 0.529412
v 18 11 -14 0.517647 0.494118 0.529412
v 18 11 -15 0.517647 0.494118 0.529412
v 18 11 -16 0.517647 0.494118 0.529412
v 17 12 -3 0.517647 0.494118 0.529412
v 16 12 -3 0.517647 0.494118 0.529412
v 18 12 -3 0.517647 0.494118 0.529412
v 18 12 -4 0.517647 0.494118 0.529412
v 18 12 -5 0.517647 0.494118 0.529412
v 18 12 -6 0.517647 0.494118 0.529412
v 18 12 -7 0.517647 0.494118 0.529412
v 18 12 -8 0.517647 0.494118 0.529412
v 18 12 -9 0.517647 0.494118 0.529412
v 18 12 -10 0.517647 0.494118 0.529412
v 18 12 -11 0.517647 0.494118 0.529412
v 18 12 -12 0.517647 0.494118 0.529412
v 18 12 -13 0.517647 0.494118 0.529412
v 18 12 -14 0.517647 0.494118 0.529412
v 18 12 -15 0.517647 0.494118 0.529412
v 18 12 -16 0.517647 0.494118 0.529412
v 17 13 -3 0.517647 0.494118 0.529412
v 16 13 -3 0.517647 0.494118 0.529412
v 18 13 -3 0.517647 0.494118 0.529412
v 18 13 -4 0.517647 0.494118 0.529412
v 18 13 -5 0.517647 0.494118 0.529412
v 18 13 -6 0.517647 0.494118 0.529412
v 18 13 -7 0.517647 0.494118 0.529412
v 18 13 -8 0.517647 0.494118 0.529412
v 18 13 -9 0.517647 0.494118 0.529412
v 18 13 -10 0.517647 0.494118 0.529412
v 18 13 -11 0.517647 0.494118 0.529412
v 18 13 -12 0.517647 0.494118 0.529412
v 18 13 -13 0.517647 0.494118 0.529412
v 18 13 -14 0.517647 0.494118 0.529412
v 18 13 -15 0.517647 0.494118 0.529412
v 18 13 -16 0.517647 0.494118 0.529412
v 17 14 -3 0.517647 0.494118 0.529412
v 16 14 -3 0.517647 0.494118 0.529412
v 18 14 -3 0.517647 0.494118 0.529412
v 18 14 -4 0.517647 0.494118 0.529412
v 18 14 -5 0.517647 0.494118 0.529412
v 18 14 -6 0.517647 0.494118 0.529412
v 18 14 -7 0.517647 0.494118 0.529412
v 18 14 -8 0.517647 0.494118 0.529412
v 18 14 -9 0.517647 0.494118 0.529412
v 18 14 -10 0.517647 0.494118 0.529412
v 18 14 -11 0.517647 0.494118 0.529412
v 18 14 -12 0.517647 0.494118 0.529412
v 18 14 -13 0.517647 0.494118 0.529412
v 18 14 -14 0.517647 0.494118 0.529412
v 18 14 -15 0.517647 0.494118 0.529412
v 18 14 -16 0.517647 0.494118 0.529412
v 17 15 -3 0.517647 0.494118 0.529412
v 18 15 -3 0.517647 0.494118 0.529412
v 18 15 -4 0.517647 0.494118 0.529412
v 18 15 -5 0.517647 0.494118 0.529412
v 18 15 -6 0.517647 0.494118 0.529412
v 18 15 -7 0.517647 0.494118 0.529412
v 18 15 -8 0.517647 0.494118 0.529412
v 18 15 -9 0.517647 0.494118 0.529412
v 18 15 -10 0.517647 0.494118 0.529412
v 18 15 -11 0.517647 0.494118 0.529412
v 18 15 -12 0.517647 0.494118 0.529412
v 18 15 -13 0.517647 0.494118 0.529412
v 18 15 -14 0.517647 0.494118 0.529412
v 18 15 -15 0.517647 0.494118 0.529412
v 18 15 -16 0.517647 0.494118 0.529412
v 17 16 -3 0.517647 0.494118 0.529412
v 18 16 -3 0.517647 0.494118 0.529412
v 18 16 -4 0.517647 0.494118 0.529412
v 18 16 -5 0.517647 0.494118 0.529412
v 18 16 -6 0.517647 0.494118 0.529412
v 18 16 -7 0.517647 0.494118 0.529412
v 18 16 -8 0.517647 0.494118 0.529412
v 18 16 -9 0.517647 0.494118 0.529412
v 18 16 -10 0.517647 0.494118 0.529412
v 18 16 -11 0.517647 0.494118 0.529412
v 18 16 -12 0.517647 0.494118 0.529412
v 18 16 -13 0.517647 0.494118 0.529412
v 18 16 -14 0.517647 0.494118 0.529412
v 18 16 -15 0.517647 0.494118 0.529412
v 18 16 -16 0.517647 0.494118 0.529412
v 1 0 -17 0.843137 0.482353 0.729412
v 2 0 -17 0.843137 0.482353 0.729412
v 2 1 -17 0.843137 0.482353 0.729412
v 1 1 -17 0.843137 0.482353 0.729412
v 1 0 -18 0.843137 0.482353 0.729412
v 2 0 -18 0.843137 0.482353 0.729412
v 1 1 -18 0.843137 0.482353 0.729412
v 3 0 -17 0.843137 0.482353 0.729412
v 3 1 -17 0.843137 0.482353 0.729412
v 3 0 -18 0.843137 0.482353 0.729412
v 3 1 -18 0.843137 0.482353 0.729412
v 5 0 -17 0.843137 0.482353 0.729412
v 6 0 -17 0.843137 0.482353 0.729412
v 6 1 -17 0.843137 0.482353 0.729412
v 5 1 -17 0.843137 0.482353 0.729412
v 5 0 -18 0.843137 0.482353 0.729412
v 6 0 -18 0.843137 0.482353 0.729412
v 5 1 -18 0.843137 0.482353 0.729412
v 7 0 -17 0.843137 0.482353 0.729412
v 7 1 -17 0.843137 0.482353 0.729412
v 7 0 -18 0.843137 0.482353 0.729412
v 7 1 -18 0.843137 0.482353 0.729412
v 13 0 -17 0.388235 0.607843 1.000000
v 14 0 -17 0.388235 0.607843 1.000000
v 14 1 -17 0.388235 0.607843 1.000000
v 13 1 -17 0.388235 0.607843 1.000000
v 13 0 -18 0.388235 0.607843 1.000000
v 14 0 -18 0.388235 0.607843 1.000000
v 13 1 -18 0.388235 0.607843 1.000000
v 15 0 -17 0.388235 0.607843 1.000000
v 15 1 -17 0.388235 0.607843 1.000000
v 15 0 -18 0.388235 0.607843 1.000000
v 15 1 -18 0.388235 0.607843 1.000000
v 1 0 -19 0.843137 0.482353 0.729412
v 2 0 -19 0.843137 0.482353 0.729412
v 2 1 -18 0.843137 0.482353 0.729412
v 2 1 -19 0.843137 0.482353 0.729412
v 1 1 -19 0.843137 0.482353 0.729412
v 3 0 -19 0.843137 0.482353 0.729412
v 3 1 -19 0.843137 0.482353 0.729412
v 5 0 -19 0.843137 0.482353 0.729412
v 6 0 -19 0.843137 0.482353 0.729412
v 6 1 -18 0.843137 0.482353 0.729412
v 6 1 -19 0.843137 0.482353 0.729412
v 5 1 -19 0.843137 0.482353 0.729412
v 7 0 -19 0.843137 0.482353 0.729412
v 7 1 -19 0.843137 0.482353 0.729412
v 13 0 -19 0.388235 0.607843 1.000000
v 14 0 -19 0.388235 0.607843 1.000000
v 14 1 -18 0.388235 0.607843 1.000000
v 14 1 -19 0.388235 0.607843 1.000000
v 13 1 -19 0.388235 0.607843 1.000000
v 15 0 -19 0.388235 0.607843 1.000000
v 15 1 -19 0.388235 0.607843 1.000000
v 2 0 -20 0.843137 0.482353 0.729412
v 1 0 -20 0.843137 0.482353 0.729412
v 1 1 -20 0.843137 0.482353 0.729412
v 2 1 -20 0.843137 0.482353 0.729412
v 3 0 -20 0.843137 0.482353 0.729412
v 3 1 -20 0.843137 0.482353 0.729412
v 6 0 -20 0.843137 0.482353 0.729412
v 5 0 -20 0.843137 0.482353 0.729412
v 5 1 -20 0.843137 0.482353 0.729412
v 6 1 -20 0.843137 0.482353 0.729412
v 7 0 -20 0.843137 0.482353 0.729412
v 7 1 -20 0.843137 0.482353 0.729412
v 14 0 -20 0.388235 0.607843 1.000000
v 13 0 -20 0.388235 0.607843 1.000000
v 13 1 -20 0.388235 0.607843 1.000000
v 14 1 -20 0.388235 0.607843 1.000000
v 15 0 -20 0.388235 0.607843 1.000000
v 15 1 -20 0.388235 0.607843 1.000000
v 3 1 -16 0.000000 0.000000 0.000000
v 3 1 -17 0.000000 0.000000 0.000000
v 4 1 -17 0.000000 0.000000 0.000000
v 4 1 -16 0.000000 0.000000 0.000000
v 3 2 -16 0.000000 0.000000 0.000000
v 3 2 -17 0.000000 0.000000 0.000000
v 5 1 -17 0.000000 0.000000 0.000000
v 5 1 -16 0.000000 0.000000 0.000000
v 5 2 -17 0.000000 0.000000 0.000000
v 5 2 -16 0.000000 0.000000 0.000000
v 15 1 -16 0.000000 0.000000 0.000000
v 15 1 -17 0.000000 0.000000 0.000000
v 16 1 -17 0.000000 0.000000 0.000000
v 16 1 -16 0.000000 0.000000 0.000000
v 15 2 -16 0.000000 0.000000 0.000000
v 15 2 -17 0.000000 0.000000 0.000000
v 2 2 -17 0.843137 0.482353 0.729412
v 1 2 -17 0.843137 0.482353 0.729412
v 1 2 -18 0.843137 0.482353 0.729412
v 2 2 -18 0.843137 0.482353 0.729412
v 3 2 -17 0.843137 0.482353 0.729412
v 3 2 -18 0.843137 0.482353 0.729412
v 3 1 -18 0.000000 0.000000 0.000000
v 4 1 -18 0.000000 0.000000 0.000000
v 5 1 -18 0.000000 0.000000 0.000000
v 6 2 -17 0.843137 0.482353 0.729412
v 5 2 -17 0.843137 0.482353 0.729412
v 5 2 -18 0.843137 0.482353 0.729412
v 6 2 -18 0.843137 0.482353 0.729412
v 7 2 -17 0.843137 0.482353 0.729412
v 7 2 -18 0.843137 0.482353 0.729412
v 14 2 -17 0.388235 0.607843 1.000000
v 13 2 -17 0.388235 0.607843 1.000000
v 13 2 -18 0.388235 0.607843 1.000000
v 14 2 -18 0.388235 0.607843 1.000000
v 15 2 -17 0.388235 0.607843 1.000000
v 15 2 -18 0.388235 0.607843 1.000000
v 15 1 -18 0.000000 0.000000 0.000000
v 16 1 -18 0.000000 0.000000 0.000000
v 4 1 -19 0.000000 0.000000 0.000000
v 3 1 -19 0.000000 0.000000 0.000000
v 3 2 -19 0.000000 0.000000 0.000000
v 4 2 -19 0.000000 0.000000 0.000000
v 3 2 -18 0.000000 0.000000 0.000000
v 5 1 -19 0.000000 0.000000 0.000000
v 5 2 -19 0.000000 0.000000 0.000000
v 5 2 -18 0.000000 0.000000 0.000000
v 16 1 -19 0.000000 0.000000 0.000000
v 15 1 -19 0.000000 0.000000 0.000000
v 15 2 -19 0.000000 0.000000 0.000000
v 16 2 -19 0.000000 0.000000 0.000000
v 15 2 -18 0.000000 0.000000 0.000000
v 2 2 -19 0.843137 0.482353 0.729412
v 1 2 -19 0.843137 0.482353 0.729412
v 1 2 -20 0.843137 0.482353 0.729412
v 2 2 -20 0.843137 0.482353 0.729412
v 3 2 -19 0.843137 0.482353 0.729412
v 3 2 -20 0.843137 0.482353 0.729412
v 6 2 -19 0.843137 0.482353 0.729412
v 5 2 -19 0.843137 0.482353 0.729412
v 5 2 -20 0.843137 0.482353 0.729412
v 6 2 -20 0.843137 0.482353 0.729412
v 7 2 -19 0.843137 0.482353 0.729412
v 7 2 -20 0.843137 0.482353 0.729412
v 14 2 -19 0.388235 0.607843 1.000000
v 13 2 -19 0.388235 0.607843 1.000000
v 13 2 -20 0.388235 0.607843 1.000000
v 14 2 -20 0.388235 0.607843 1.000000
v 15 2 -19 0.388235 0.607843 1.000000
v 15 2 -20 0.388235 0.607843 1.000000
v 2 2 -16 0.000000 0.000000 0.000000
v 2 2 -17 0.000000 0.000000 0.000000
v 2 3 -16 0.000000 0.000000 0.000000
v 2 3 -17 0.000000 0.000000 0.000000
v 6 2 -17 0.000000 0.000000 0.000000
v 6 2 -16 0.000000 0.000000 0.000000
v 6 3 -17 0.000000 0.000000 0.000000
v 6 3 -16 0.000000 0.000000 0.000000
v 14 2 -16 0.000000 0.000000 0.000000
v 14 2 -17 0.000000 0.000000 0.000000
v 14 3 -16 0.000000 0.000000 0.000000
v 14 3 -17 0.000000 0.000000 0.000000
v 2 3 -17 0.843137 0.482353 0.729412
v 1 3 -17 0.843137 0.482353 0.729412
v 2 3 -18 0.843137 0.482353 0.729412
v 1 3 -18 0.843137 0.482353 0.729412
v 7 3 -17 0.843137 0.482353 0.729412
v 6 3 -17 0.843137 0.482353 0.729412
v 7 3 -18 0.843137 0.482353 0.729412
v 6 3 -18 0.843137 0.482353 0.729412
v 14 3 -17 0.388235 0.607843 1.000000
v 13 3 -17 0.388235 0.607843 1.000000
v 14 3 -18 0.388235 0.607843 1.000000
v 13 3 -18 0.388235 0.607843 1.000000
v 2 3 -19 0.843137 0.482353 0.729412
v 1 3 -19 0.843137 0.482353 0.729412
v 2 2 -18 0.000000 0.000000 0.000000
v 2 2 -19 0.000000 0.000000 0.000000
v 3 3 -19 0.000000 0.000000 0.000000
v 4 3 -19 0.000000 0.000000 0.000000
v 5 3 -19 0.000000 0.000000 0.000000
v 6 2 -19 0.000000 0.000000 0.000000
v 6 2 -18 0.000000 0.000000 0.000000
v 7 3 -19 0.843137 0.482353 0.729412
v 6 3 -19 0.843137 0.482353 0.729412
v 14 3 -19 0.388235 0.607843 1.000000
v 13 3 -19 0.388235 0.607843 1.000000
v 14 2 -18 0.000000 0.000000 0.000000
v 14 2 -19 0.000000 0.000000 0.000000
v 15 3 -19 0.000000 0.000000 0.000000
v 16 3 -19 0.000000 0.000000 0.000000
v 1 3 -20 0.843137 0.482353 0.729412
v 2 3 -20 0.843137 0.482353 0.729412
v 3 3 -20 0.843137 0.482353 0.729412
v 3 3 -19 0.843137 0.482353 0.729412
v 5 3 -20 0.843137 0.482353 0.729412
v 6 3 -20 0.843137 0.482353 0.729412
v 5 3 -19 0.843137 0.482353 0.729412
v 7 3 -20 0.843137 0.482353 0.729412
v 13 3 -20 0.388235 0.607843 1.000000
v 14 3 -20 0.388235 0.607843 1.000000
v 15 3 -20 0.388235 0.607843 1.000000
v 15 3 -19 0.388235 0.607843 1.000000
v 2 4 -16 0.000000 0.000000 0.000000
v 2 4 -17 0.000000 0.000000 0.000000
v 6 4 -17 0.000000 0.000000 0.000000
v 6 4 -16 0.000000 0.000000 0.000000
v 14 4 -16 0.000000 0.000000 0.000000
v 14 4 -17 0.000000 0.000000 0.000000
v 2 4 -18 0.000000 0.000000 0.000000
v 2 3 -18 0.000000 0.000000 0.000000
v 6 3 -18 0.000000 0.000000 0.000000
v 6 4 -18 0.000000 0.000000 0.000000
v 14 4 -18 0.000000 0.000000 0.000000
v 14 3 -18 0.000000 0.000000 0.000000
v 2 3 -19 0.000000 0.000000 0.000000
v 2 4 -19 0.000000 0.000000 0.000000
v 3 4 -19 0.000000 0.000000 0.000000
v 4 4 -19 0.000000 0.000000 0.000000
v 5 4 -19 0.000000 0.000000 0.000000
v 6 3 -19 0.000000 0.000000 0.000000
v 6 4 -19 0.000000 0.000000 0.000000
v 14 3 -19 0.000000 0.000000 0.000000
v 14 4 -19 0.000000 0.000000 0.000000
v 15 4 -19 0.000000 0.000000 0.000000
v 16 4 -19 0.000000 0.000000 0.000000
v 2 4 -16 0.517647 0.494118 0.529412
v 2 5 -16 0.517647 0.494118 0.529412
v 2 5 -17 0.517647 0.494118 0.529412
v 2 4 -17 0.517647 0.494118 0.529412
v 6 4 -16 0.607843 0.678431 0.717647
v 6 4 -17 0.607843 0.678431 0.717647
v 7 4 -17 0.607843 0.678431 0.717647
v 7 4 -16 0.607843 0.678431 0.717647
v 8 4 -17 0.607843 0.678431 0.717647
v 8 4 -16 0.607843 0.678431 0.717647
v 9 4 -17 0.607843 0.678431 0.717647
v 9 4 -16 0.607843 0.678431 0.717647
v 10 4 -17 0.607843 0.678431 0.717647
v 10 4 -16 0.607843 0.678431 0.717647
v 11 4 -17 0.607843 0.678431 0.717647
v 11 4 -16 0.607843 0.678431 0.717647
v 12 4 -17 0.607843 0.678431 0.717647
v 12 4 -16 0.607843 0.678431 0.717647
v 13 4 -17 0.607843 0.678431 0.717647
v 13 4 -16 0.607843 0.678431 0.717647
v 14 4 -17 0.607843 0.678431 0.717647
v 14 4 -16 0.607843 0.678431 0.717647
v 2 5 -18 0.517647 0.494118 0.529412
v 2 4 -18 0.517647 0.494118 0.529412
v 6 4 -18 0.607843 0.678431 0.717647
v 7 4 -18 0.607843 0.678431 0.717647
v 8 4 -18 0.607843 0.678431 0.717647
v 9 4 -18 0.607843 0.678431 0.717647
v 10 4 -18 0.607843 0.678431 0.717647
v 11 4 -18 0.607843 0.678431 0.717647
v 12 4 -18 0.607843 0.678431 0.717647
v 13 4 -18 0.607843 0.678431 0.717647
v 14 4 -18 0.607843 0.678431 0.717647
v 3 4 -19 0.517647 0.494118 0.529412
v 2 4 -19 0.517647 0.494118 0.529412
v 2 5 -19 0.517647 0.494118 0.529412
v 3 5 -19 0.517647 0.494118 0.529412
v 4 4 -19 0.517647 0.494118 0.529412
v 4 5 -19 0.517647 0.494118 0.529412
v 5 4 -19 0.517647 0.494118 0.529412
v 5 5 -19 0.517647 0.494118 0.529412
v 6 4 -19 0.517647 0.494118 0.529412
v 6 5 -19 0.517647 0.494118 0.529412
v 7 4 -19 0.607843 0.678431 0.717647
v 6 4 -19 0.607843 0.678431 0.717647
v 6 5 -19 0.607843 0.678431 0.717647
v 7 5 -19 0.607843 0.678431 0.717647
v 8 4 -19 0.607843 0.678431 0.717647
v 8 5 -19 0.607843 0.678431 0.717647
v 9 4 -19 0.607843 0.678431 0.717647
v 9 5 -19 0.607843 0.678431 0.717647
v 10 4 -19 0.607843 0.678431 0.717647
v 10 5 -19 0.607843 0.678431 0.717647
v 11 4 -19 0.607843 0.678431 0.717647
v 11 5 -19 0.607843 0.678431 0.717647
v 12 4 -19 0.607843 0.678431 0.717647
v 12 5 -19 0.607843 0.678431 0.717647
v 13 4 -19 0.607843 0.678431 0.717647
v 13 5 -19 0.607843 0.678431 0.717647
v 14 4 -19 0.607843 0.678431 0.717647
v 14 5 -19 0.607843 0.678431 0.717647
v 15 4 -19 0.517647 0.494118 0.529412
v 14 4 -19 0.517647 0.494118 0.529412
v 14 5 -19 0.517647 0.494118 0.529412
v 15 5 -19 0.517647 0.494118 0.529412
v 16 4 -19 0.517647 0.494118 0.529412
v 16 5 -19 0.517647 0.494118 0.529412
v 2 6 -16 0.517647 0.494118 0.529412
v 2 6 -17 0.517647 0.494118 0.529412
v 2 6 -18 0.517647 0.494118 0.529412
v 2 6 -19 0.517647 0.494118 0.529412
v 3 6 -19 0.517647 0.494118 0.529412
v 4 6 -19 0.517647 0.494118 0.529412
v 5 6 -19 0.517647 0.494118 0.529412
v 6 6 -19 0.517647 0.494118 0.529412
v 7 5 -19 0.517647 0.494118 0.529412
v 7 6 -19 0.517647 0.494118 0.529412
v 8 5 -19 0.517647 0.494118 0.529412
v 8 6 -19 0.517647 0.494118 0.529412
v 9 5 -19 0.517647 0.494118 0.529412
v 9 6 -19 0.517647 0.494118 0.529412
v 10 5 -19 0.517647 0.494118 0.529412
v 10 6 -19 0.517647 0.494118 0.529412
v 11 5 -19 0.517647 0.494118 0.529412
v 11 6 -19 0.517647 0.494118 0.529412
v 12 5 -19 0.517647 0.494118 0.529412
v 12 6 -19 0.517647 0.494118 0.529412
v 13 5 -19 0.517647 0.494118 0.529412
v 13 6 -19 0.517647 0.494118 0.529412
v 14 6 -19 0.517647 0.494118 0.529412
v 15 6 -19 0.517647 0.494118 0.529412
v 16 6 -19 0.517647 0.494118 0.529412
v 2 7 -16 0.517647 0.494118 0.529412
v 2 7 -17 0.517647 0.494118 0.529412
v 2 7 -18 0.517647 0.494118 0.529412
v 2 7 -19 0.517647 0.494118 0.529412
v 3 7 -19 0.517647 0.494118 0.529412
v 4 7 -19 0.517647 0.494118 0.529412
v 5 7 -19 0.517647 0.494118 0.529412
v 6 7 -19 0.517647 0.494118 0.529412
v 7 7 -19 0.517647 0.494118 0.529412
v 8 7 -19 0.517647 0.494118 0.529412
v 9 7 -19 0.517647 0.494118 0.529412
v 10 7 -19 0.517647 0.494118 0.529412
v 11 7 -19 0.517647 0.494118 0.529412
v 12 7 -19 0.517647 0.494118 0.529412
v 13 7 -19 0.517647 0.494118 0.529412
v 14 7 -19 0.517647 0.494118 0.529412
v 15 7 -19 0.517647 0.494118 0.529412
v 16 7 -19 0.517647 0.494118 0.529412
v 2 8 -16 0.517647 0.494118 0.529412
v 2 8 -17 0.517647 0.494118 0.529412
v 2 8 -18 0.517647 0.494118 0.529412
v 2 8 -19 0.517647 0.494118 0.529412
v 3 8 -19 0.517647 0.494118 0.529412
v 4 8 -19 0.517647 0.494118 0.529412
v 5 8 -19 0.517647 0.494118 0.529412
v 6 8 -19 0.517647 0.494118 0.529412
v 7 8 -19 0.517647 0.494118 0.529412
v 8 8 -19 0.517647 0.494118 0.529412
v 9 8 -19 0.517647 0.494118 0.529412
v 10 8 -19 0.517647 0.494118 0.529412
v 11 8 -19 0.517647 0.494118 0.529412
v 12 8 -19 0.517647 0.494118 0.529412
v 13 8 -19 0.517647 0.494118 0.529412
v 14 8 -19 0.517647 0.494118 0.529412
v 15 8 -19 0.517647 0.494118 0.529412
v 16 8 -19 0.517647 0.494118 0.529412
v 2 9 -16 0.517647 0.494118 0.529412
v 2 9 -17 0.517647 0.494118 0.529412
v 2 9 -18 0.517647 0.494118 0.529412
v 2 9 -19 0.517647 0.494118 0.529412
v 3 9 -19 0.517647 0.494118 0.529412
v 4 9 -19 0.517647 0.494118 0.529412
v 5 9 -19 0.517647 0.494118 0.529412
v 6 9 -19 0.517647 0.494118 0.529412
v 7 9 -19 0.517647 0.494118 0.529412
v 8 9 -19 0.517647 0.494118 0.529412
v 9 9 -19 0.517647 0.494118 0.529412
v 10 9 -19 0.517647 0.494118 0.529412
v 11 9 -19 0.517647 0.494118 0.529412
v 12 9 -19 0.517647 0.494118 0.529412
v 13 9 -19 0.517647 0.494118 0.529412
v 14 9 -19 0.517647 0.494118 0.529412
v 15 9 -19 0.517647 0.494118 0.529412
v 16 9 -19 0.517647 0.494118 0.529412
v 2 10 -16 0.517647 0.494118 0.529412
v 2 10 -17 0.517647 0.494118 0.529412
v 2 10 -18 0.517647 0.494118 0.529412
v 2 10 -19 0.517647 0.494118 0.529412
v 3 10 -19 0.517647 0.494118 0.529412
v 4 10 -19 0.517647 0.494118 0.529412
v 5 10 -19 0.517647 0.494118 0.529412
v 6 10 -19 0.517647 0.494118 0.529412
v 7 10 -19 0.517647 0.494118 0.529412
v 8 10 -19 0.517647 0.494118 0.529412
v 9 10 -19 0.517647 0.494118 0.529412
v 10 10 -19 0.517647 0.494118 0.529412
v 11 10 -19 0.517647 0.494118 0.529412
v 12 10 -19 0.517647 0.494118 0.529412
v 13 10 -19 0.517647 0.494118 0.529412
v 14 10 -19 0.517647 0.494118 0.529412
v 15 10 -19 0.517647 0.494118 0.529412
v 16 10 -19 0.517647 0.494118 0.529412
v 2 11 -17 0.517647 0.494118 0.529412
v 2 11 -18 0.517647 0.494118 0.529412
v 2 11 -19 0.517647 0.494118 0.529412
v 3 11 -19 0.517647 0.494118 0.529412
v 4 11 -19 0.517647 0.494118 0.529412
v 5 11 -19 0.517647 0.494118 0.529412
v 6 11 -19 0.517647 0.494118 0.529412
v 7 11 -19 0.517647 0.494118 0.529412
v 8 11 -19 0.517647 0.494118 0.529412
v 9 11 -19 0.517647 0.494118 0.529412
v 10 11 -19 0.517647 0.494118 0.529412
v 11 11 -19 0.517647 0.494118 0.529412
v 12 11 -19 0.517647 0.494118 0.529412
v 13 11 -19 0.517647 0.494118 0.529412
v 14 11 -19 0.517647 0.494118 0.529412
v 15 11 -19 0.517647 0.494118 0.529412
v 16 11 -19 0.517647 0.494118 0.529412
v 2 11 -16 0.517647 0.494118 0.529412
v 2 12 -17 0.517647 0.494118 0.529412
v 2 12 -18 0.517647 0.494118 0.529412
v 2 12 -19 0.517647 0.494118 0.529412
v 3 12 -19 0.517647 0.494118 0.529412
v 4 12 -19 0.517647 0.494118 0.529412
v 5 12 -19 0.517647 0.494118 0.529412
v 6 12 -19 0.517647 0.494118 0.529412
v 7 12 -19 0.517647 0.494118 0.529412
v 8 12 -19 0.517647 0.494118 0.529412
v 9 12 -19 0.517647 0.494118 0.529412
v 10 12 -19 0.517647 0.494118 0.529412
v 11 12 -19 0.517647 0.494118 0.529412
v 12 12 -19 0.517647 0.494118 0.529412
v 13 12 -19 0.517647 0.494118 0.529412
v 14 12 -19 0.517647 0.494118 0.529412
v 15 12 -19 0.517647 0.494118 0.529412
v 16 12 -19 0.517647 0.494118 0.529412
v 2 13 -17 0.517647 0.494118 0.529412
v 2 13 -18 0.517647 0.494118 0.529412
v 2 13 -19 0.517647 0.494118 0.529412
v 3 13 -19 0.517647 0.494118 0.529412
v 4 13 -19 0.517647 0.494118 0.529412
v 5 13 -19 0.517647 0.494118 0.529412
v 6 13 -19 0.517647 0.494118 0.529412
v 7 13 -19 0.517647 0.494118 0.529412
v 8 13 -19 0.517647 0.494118 0.529412
v 9 13 -19 0.517647 0.494118 0.529412
v 10 13 -19 0.517647 0.494118 0.529412
v 11 13 -19 0.517647 0.494118 0.529412
v 12 13 -19 0.517647 0.494118 0.529412
v 13 13 -19 0.517647 0.494118 0.529412
v 14 13 -19 0.517647 0.494118 0.529412
v 15 13 -19 0.517647 0.494118 0.529412
v 16 13 -19 0.517647 0.494118 0.529412
v 2 14 -17 0.517647 0.494118 0.529412
v 2 14 -18 0.517647 0.494118 0.529412
v 2 14 -19 0.517647 0.494118 0.529412
v 3 14 -19 0.517647 0.494118 0.529412
v 4 14 -19 0.517647 0.494118 0.529412
v 5 14 -19 0.517647 0.494118 0.529412
v 6 14 -19 0.517647 0.494118 0.529412
v 7 14 -19 0.517647 0.494118 0.529412
v 8 14 -19 0.517647 0.494118 0.529412
v 9 14 -19 0.517647 0.494118 0.529412
v 10 14 -19 0.517647 0.494118 0.529412
v 11 14 -19 0.517647 0.494118 0.529412
v 12 14 -19 0.517647 0.494118 0.529412
v 13 14 -19 0.517647 0.494118 0.529412
v 14 14 -19 0.517647 0.494118 0.529412
v 15 14 -19 0.517647 0.494118 0.529412
v 16 14 -19 0.517647 0.494118 0.529412
v 2 15 -17 0.517647 0.494118 0.529412
v 2 15 -18 0.517647 0.494118 0.529412
v 2 15 -19 0.517647 0.494118 0.529412
v 3 15 -19 0.517647 0.494118 0.529412
v 4 15 -19 0.517647 0.494118 0.529412
v 5 15 -19 0.517647 0.494118 0.529412
v 6 15 -19 0.517647 0.494118 0.529412
v 7 15 -19 0.517647 0.494118 0.529412
v 8 15 -19 0.517647 0.494118 0.529412
v 12 15 -19 0.517647 0.494118 0.529412
v 13 15 -19 0.517647 0.494118 0.529412
v 14 15 -19 0.517647 0.494118 0.529412
v 15 15 -19 0.517647 0.494118 0.529412
v 16 15 -19 0.517647 0.494118 0.529412
v 8 14 -19 0.411765 0.415686 0.415686
v 8 14 -20 0.411765 0.415686 0.415686
v 9 14 -20 0.411765 0.415686 0.415686
v 9 14 -19 0.411765 0.415686 0.415686
v 8 15 -19 0.411765 0.415686 0.415686
v 8 15 -20 0.411765 0.415686 0.415686
v 10 14 -20 0.411765 0.415686 0.415686
v 10 14 -19 0.411765 0.415686 0.415686
v 11 14 -20 0.411765 0.415686 0.415686
v 11 14 -19 0.411765 0.415686 0.415686
v 12 14 -20 0.411765 0.415686 0.415686
v 12 14 -19 0.411765 0.415686 0.415686
v 12 15 -20 0.411765 0.415686 0.415686
v 12 15 -19 0.411765 0.415686 0.415686
v 8 14 -21 0.411765 0.415686 0.415686
v 9 14 -21 0.411765 0.415686 0.415686
v 8 15 -21 0.411765 0.415686 0.415686
v 10 14 -21 0.411765 0.415686 0.415686
v 11 14 -21 0.411765 0.415686 0.415686
v 12 14 -21 0.411765 0.415686 0.415686
v 12 15 -21 0.411765 0.415686 0.415686
v 9 14 -22 0.411765 0.415686 0.415686
v 8 14 -22 0.411765 0.415686 0.415686
v 8 15 -22 0.411765 0.415686 0.415686
v 9 15 -22 0.411765 0.415686 0.415686
v 10 14 -22 0.411765 0.415686 0.415686
v 10 15 -22 0.411765 0.415686 0.415686
v 11 14 -22 0.411765 0.415686 0.415686
v 11 15 -22 0.411765 0.415686 0.415686
v 12 14 -22 0.411765 0.415686 0.415686
v 12 15 -22 0.411765 0.415686 0.415686
v 2 16 -17 0.517647 0.494118 0.529412
v 2 16 -18 0.517647 0.494118 0.529412
v 2 16 -19 0.517647 0.494118 0.529412
v 3 16 -19 0.517647 0.494118 0.529412
v 4 16 -19 0.517647 0.494118 0.529412
v 5 16 -19 0.517647 0.494118 0.529412
v 6 16 -19 0.517647 0.494118 0.529412
v 7 16 -19 0.517647 0.494118 0.529412
v 8 16 -19 0.517647 0.494118 0.529412
v 12 16 -19 0.517647 0.494118 0.529412
v 13 16 -19 0.517647 0.494118 0.529412
v 14 16 -19 0.517647 0.494118 0.529412
v 15 16 -19 0.517647 0.494118 0.529412
v 16 16 -19 0.517647 0.494118 0.529412
v 8 16 -19 0.411765 0.415686 0.415686
v 8 16 -20 0.411765 0.415686 0.415686
v 12 16 -20 0.411765 0.415686 0.415686
v 12 16 -19 0.411765 0.415686 0.415686
v 8 16 -21 0.411765 0.415686 0.415686
v 12 16 -21 0.411765 0.415686 0.415686
v 8 16 -22 0.411765 0.415686 0.415686
v 9 16 -22 0.411765 0.415686 0.415686
v 10 16 -22 0.411765 0.415686 0.415686
v 11 16 -22 0.411765 0.415686 0.415686
v 12 16 -22 0.411765 0.415686 0.415686
v 17 0 -17 0.388235 0.607843 1.000000
v 18 0 -17 0.388235 0.607843 1.000000
v 18 1 -17 0.388235 0.607843 1.000000
v 17 1 -17 0.388235 0.607843 1.000000
v 17 0 -18 0.388235 0.607843 1.000000
v 18 0 -18 0.388235 0.607843 1.000000
v 17 1 -18 0.388235 0.607843 1.000000
v 19 0 -17 0.388235 0.607843 1.000000
v 19 1 -17 0.388235 0.607843 1.000000
v 19 0 -18 0.388235 0.607843 1.000000
v 19 1 -18 0.388235 0.607843 1.000000
v 17 0 -19 0.388235 0.607843 1.000000
v 18 0 -19 0.388235 0.607843 1.000000
v 18 1 -18 0.388235 0.607843 1.000000
v 18 1 -19 0.388235 0.607843 1.000000
v 17 1 -19 0.388235 0.607843 1.000000
v 19 0 -19 0.388235 0.607843 1.000000
v 19 1 -19 0.388235 0.607843 1.000000
v 18 0 -20 0.388235 0.607843 1.000000
v 17 0 -20 0.388235 0.607843 1.000000
v 17 1 -20 0.388235 0.607843 1.000000
v 18 1 -20 0.388235 0.607843 1.000000
v 19 0 -20 0.388235 0.607843 1.000000
v 19 1 -20 0.388235 0.607843 1.000000
v 17 1 -17 0.000000 0.000000 0.000000
v 17 2 -17 0.000000 0.000000 0.000000
v 17 2 -16 0.000000 0.000000 0.000000
v 17 1 -18 0.000000 0.000000 0.000000
v 18 2 -17 0.388235 0.607843 1.000000
v 17 2 -17 0.388235 0.607843 1.000000
v 17 2 -18 0.388235 0.607843 1.000000
v 18 2 -18 0.388235 0.607843 1.000000
v 19 2 -17 0.388235 0.607843 1.000000
v 19 2 -18 0.388235 0.607843 1.000000
v 17 1 -19 0.000000 0.000000 0.000000
v 17 2 -19 0.000000 0.000000 0.000000
v 17 2 -18 0.000000 0.000000 0.000000
v 18 2 -19 0.388235 0.607843 1.000000
v 17 2 -19 0.388235 0.607843 1.000000
v 17 2 -20 0.388235 0.607843 1.000000
v 18 2 -20 0.388235 0.607843 1.000000
v 19 2 -19 0.388235 0.607843 1.000000
v 19 2 -20 0.388235 0.607843 1.000000
v 18 2 -17 0.000000 0.000000 0.000000
v 18 2 -16 0.000000 0.000000 0.000000
v 18 3 -17 0.000000 0.000000 0.000000
v 19 3 -17 0.388235 0.607843 1.000000
v 18 3 -17 0.388235 0.607843 1.000000
v 19 3 -18 0.388235 0.607843 1.000000
v 18 3 -18 0.388235 0.607843 1.000000
v 17 3 -19 0.000000 0.000000 0.000000
v 18 2 -19 0.000000 0.000000 0.000000
v 18 2 -18 0.000000 0.000000 0.000000
v 19 3 -19 0.388235 0.607843 1.000000
v 18 3 -19 0.388235 0.607843 1.000000
v 17 3 -20 0.388235 0.607843 1.000000
v 18 3 -20 0.388235 0.607843 1.000000
v 17 3 -19 0.388235 0.607843 1.000000
v 19 3 -20 0.388235 0.607843 1.000000
v 18 4 -17 0.000000 0.000000 0.000000
v 18 3 -18 0.000000 0.000000 0.000000
v 18 4 -18 0.000000 0.000000 0.000000
v 17 4 -19 0.000000 0.000000 0.000000
v 18 3 -19 0.000000 0.000000 0.000000
v 18 4 -19 0.000000 0.000000 0.000000
v 18 4 -17 0.517647 0.494118 0.529412
v 18 5 -17 0.517647 0.494118 0.529412
v 18 4 -18 0.517647 0.494118 0.529412
v 18 5 -18 0.517647 0.494118 0.529412
v 17 4 -19 0.517647 0.494118 0.529412
v 17 5 -19 0.517647 0.494118 0.529412
v 18 4 -19 0.517647 0.494118 0.529412
v 18 5 -19 0.517647 0.494118 0.529412
v 18 6 -17 0.517647 0.494118 0.529412
v 18 6 -18 0.517647 0.494118 0.529412
v 17 6 -19 0.517647 0.494118 0.529412
v 18 6 -19 0.517647 0.494118 0.529412
v 18 7 -17 0.517647 0.494118 0.529412
v 18 7 -18 0.517647 0.494118 0.529412
v 17 7 -19 0.517647 0.494118 0.529412
v 18 7 -19 0.517647 0.494118 0.529412
v 18 8 -17 0.517647 0.494118 0.529412
v 18 8 -18 0.517647 0.494118 0.529412
v 17 8 -19 0.517647 0.494118 0.529412
v 18 8 -19 0.517647 0.494118 0.529412
v 18 9 -17 0.517647 0.494118 0.529412
v 18 9 -18 0.517647 0.494118 0.529412
v 17 9 -19 0.517647 0.494118 0.529412
v 18 9 -19 0.517647 0.494118 0.529412
v 18 10 -17 0.517647 0.494118 0.529412
v 18 10 -18 0.517647 0.494118 0.529412
v 17 10 -19 0.517647 0.494118 0.529412
v 18 10 -19 0.517647 0.494118 0.529412
v 18 11 -17 0.517647 0.494118 0.529412
v 18 11 -18 0.517647 0.494118 0.529412
v 17 11 -19 0.517647 0.494118 0.529412
v 18 11 -19 0.517647 0.494118 0.529412
v 18 12 -17 0.517647 0.494118 0.529412
v 18 12 -18 0.517647 0.494118 0.529412
v 17 12 -19 0.517647 0.494118 0.529412
v 18 12 -19 0.517647 0.494118 0.529412
v 18 13 -17 0.517647 0.494118 0.529412
v 18 13 -18 0.517647 0.494118 0.529412
v 17 13 -19 0.517647 0.494118 0.529412
v 18 13 -19 0.517647 0.494118 0.529412
v 18 14 -17 0.517647 0.494118 0.529412
v 18 14 -18 0.517647 0.494118 0.529412
v 17 14 -19 0.517647 0.494118 0.529412
v 18 14 -19 0.517647 0.494118 0.529412
v 18 15 -17 0.517647 0.494118 0.529412
v 18 15 -18 0.517647 0.494118 0.529412
v 17 15 -19 0.517647 0.494118 0.529412
v 18 15 -19 0.517647 0.494118 0.529412
v 18 16 -17 0.517647 0.494118 0.529412
v 18 16 -18 0.517647 0.494118 0.529412
v 17 16 -19 0.517647 0.494118 0.529412
v 18 16 -19 0.517647 0.494118 0.529412
v 2 16 -3 0.517647 0.494118 0.529412
v 3 16 -3 0.517647 0.494118 0.529412
v 3 17 -3 0.517647 0.494118 0.529412
v 2 17 -3 0.517647 0.494118 0.529412
v 2 17 -4 0.517647 0.494118 0.529412
v 2 16 -4 0.517647 0.494118 0.529412
v 4 16 -3 0.517647 0.494118 0.529412
v 4 17 -3 0.517647 0.494118 0.529412
v 5 16 -3 0.517647 0.494118 0.529412
v 5 17 -3 0.517647 0.494118 0.529412
v 6 16 -3 0.517647 0.494118 0.529412
v 6 17 -3 0.517647 0.494118 0.529412
v 7 16 -3 0.517647 0.494118 0.529412
v 7 17 -3 0.517647 0.494118 0.529412
v 8 16 -3 0.517647 0.494118 0.529412
v 8 17 -3 0.517647 0.494118 0.529412
v 9 16 -3 0.517647 0.494118 0.529412
v 9 17 -3 0.517647 0.494118 0.529412
v 10 16 -3 0.517647 0.494118 0.529412
v 10 17 -3 0.517647 0.494118 0.529412
v 11 16 -3 0.517647 0.494118 0.529412
v 11 17 -3 0.517647 0.494118 0.529412
v 12 16 -3 0.517647 0.494118 0.529412
v 12 17 -3 0.517647 0.494118 0.529412
v 13 16 -3 0.517647 0.494118 0.529412
v 13 17 -3 0.517647 0.494118 0.529412
v 14 16 -3 0.517647 0.494118 0.529412
v 14 17 -3 0.517647 0.494118 0.529412
v 15 16 -3 0.517647 0.494118 0.529412
v 15 17 -3 0.517647 0.494118 0.529412
v 16 16 -3 0.517647 0.494118 0.529412
v 16 17 -3 0.517647 0.494118 0.529412
v 2 17 -5 0.517647 0.494118 0.529412
v 2 16 -5 0.517647 0.494118 0.529412
v 2 17 -6 0.517647 0.494118 0.529412
v 2 16 -6 0.517647 0.494118 0.529412
v 2 17 -7 0.517647 0.494118 0.529412
v 2 16 -7 0.517647 0.494118 0.529412
v 2 17 -8 0.517647 0.494118 0.529412
v 2 16 -8 0.517647 0.494118 0.529412
v 2 17 -9 0.517647 0.494118 0.529412
v 2 16 -9 0.517647 0.494118 0.529412
v 2 17 -10 0.517647 0.494118 0.529412
v 2 16 -10 0.517647 0.494118 0.529412
v 2 17 -11 0.517647 0.494118 0.529412
v 2 16 -11 0.517647 0.494118 0.529412
v 2 17 -12 0.517647 0.494118 0.529412
v 2 16 -12 0.517647 0.494118 0.529412
v 2 17 -13 0.517647 0.494118 0.529412
v 2 16 -13 0.517647 0.494118 0.529412
v 2 17 -14 0.517647 0.494118 0.529412
v 2 16 -14 0.517647 0.494118 0.529412
v 2 17 -15 0.517647 0.494118 0.529412
v 2 16 -15 0.517647 0.494118 0.529412
v 2 17 -16 0.517647 0.494118 0.529412
v 2 16 -16 0.517647 0.494118 0.529412
v 3 18 -3 0.517647 0.494118 0.529412
v 2 18 -3 0.517647 0.494118 0.529412
v 2 18 -4 0.517647 0.494118 0.529412
v 4 18 -3 0.517647 0.494118 0.529412
v 5 18 -3 0.517647 0.494118 0.529412
v 6 18 -3 0.517647 0.494118 0.529412
v 7 18 -3 0.517647 0.494118 0.529412
v 8 18 -3 0.517647 0.494118 0.529412
v 8 18 -4 0.517647 0.494118 0.529412
v 7 18 -4 0.517647 0.494118 0.529412
v 9 18 -3 0.517647 0.494118 0.529412
v 9 18 -4 0.517647 0.494118 0.529412
v 10 18 -3 0.517647 0.494118 0.529412
v 10 18 -4 0.517647 0.494118 0.529412
v 11 18 -3 0.517647 0.494118 0.529412
v 11 18 -4 0.517647 0.494118 0.529412
v 12 18 -3 0.517647 0.494118 0.529412
v 12 18 -4 0.517647 0.494118 0.529412
v 13 18 -3 0.517647 0.494118 0.529412
v 13 18 -4 0.517647 0.494118 0.529412
v 14 18 -3 0.517647 0.494118 0.529412
v 15 18 -3 0.517647 0.494118 0.529412
v 16 18 -3 0.517647 0.494118 0.529412
v 2 18 -5 0.517647 0.494118 0.529412
v 8 18 -5 0.517647 0.494118 0.529412
v 7 18 -5 0.517647 0.494118 0.529412
v 9 18 -5 0.517647 0.494118 0.529412
v 10 18 -5 0.517647 0.494118 0.529412
v 11 18 -5 0.517647 0.494118 0.529412
v 12 18 -5 0.517647 0.494118 0.529412
v 13 18 -5 0.517647 0.494118 0.529412
v 2 18 -6 0.517647 0.494118 0.529412
v 8 18 -6 0.517647 0.494118 0.529412
v 7 18 -6 0.517647 0.494118 0.529412
v 9 18 -6 0.517647 0.494118 0.529412
v 10 18 -6 0.517647 0.494118 0.529412
v 11 18 -6 0.517647 0.494118 0.529412
v 12 18 -6 0.517647 0.494118 0.529412
v 13 18 -6 0.517647 0.494118 0.529412
v 3 18 -6 0.517647 0.494118 0.529412
v 3 18 -7 0.517647 0.494118 0.529412
v 2 18 -7 0.517647 0.494118 0.529412
v 4 18 -6 0.517647 0.494118 0.529412
v 4 18 -7 0.517647 0.494118 0.529412
v 5 18 -6 0.517647 0.494118 0.529412
v 5 18 -7 0.517647 0.494118 0.529412
v 6 18 -6 0.517647 0.494118 0.529412
v 6 18 -7 0.517647 0.494118 0.529412
v 7 18 -7 0.517647 0.494118 0.529412
v 8 18 -7 0.517647 0.494118 0.529412
v 9 18 -7 0.517647 0.494118 0.529412
v 10 18 -7 0.517647 0.494118 0.529412
v 11 18 -7 0.517647 0.494118 0.529412
v 12 18 -7 0.517647 0.494118 0.529412
v 13 18 -7 0.517647 0.494118 0.529412
v 14 18 -6 0.517647 0.494118 0.529412
v 14 18 -7 0.517647 0.494118 0.529412
v 15 18 -6 0.517647 0.494118 0.529412
v 15 18 -7 0.517647 0.494118 0.529412
v 16 18 -6 0.517647 0.494118 0.529412
v 16 18 -7 0.517647 0.494118 0.529412
v 3 18 -8 0.517647 0.494118 0.529412
v 2 18 -8 0.517647 0.494118 0.529412
v 4 18 -8 0.517647 0.494118 0.529412
v 5 18 -8 0.517647 0.494118 0.529412
v 6 18 -8 0.517647 0.494118 0.529412
v 7 18 -8 0.517647 0.494118 0.529412
v 8 18 -8 0.517647 0.494118 0.529412
v 9 18 -8 0.517647 0.494118 0.529412
v 10 18 -8 0.517647 0.494118 0.529412
v 11 18 -8 0.517647 0.494118 0.529412
v 12 18 -8 0.517647 0.494118 0.529412
v 13 18 -8 0.517647 0.494118 0.529412
v 14 18 -8 0.517647 0.494118 0.529412
v 15 18 -8 0.517647 0.494118 0.529412
v 16 18 -8 0.517647 0.494118 0.529412
v 3 18 -9 0.517647 0.494118 0.529412
v 2 18 -9 0.517647 0.494118 0.529412
v 4 18 -9 0.517647 0.494118 0.529412
v 5 18 -9 0.517647 0.494118 0.529412
v 6 18 -8 0.411765 0.415686 0.415686
v 6 18 -9 0.411765 0.415686 0.415686
v 5 18 -9 0.411765 0.415686 0.415686
v 5 18 -8 0.411765 0.415686 0.415686
v 7 18 -8 0.411765 0.415686 0.415686
v 7 18 -9 0.411765 0.415686 0.415686
v 8 18 -8 0.411765 0.415686 0.415686
v 8 18 -9 0.411765 0.415686 0.415686
v 9 18 -8 0.411765 0.415686 0.415686
v 9 18 -9 0.411765 0.415686 0.415686
v 10 18 -8 0.411765 0.415686 0.415686
v 10 18 -9 0.411765 0.415686 0.415686
v 11 18 -8 0.411765 0.415686 0.415686
v 11 18 -9 0.411765 0.415686 0.415686
v 12 18 -8 0.411765 0.415686 0.415686
v 12 18 -9 0.411765 0.415686 0.415686
v 13 18 -8 0.411765 0.415686 0.415686
v 13 18 -9 0.411765 0.415686 0.415686
v 14 18 -8 0.411765 0.415686 0.415686
v 14 18 -9 0.411765 0.415686 0.415686
v 15 18 -8 0.411765 0.415686 0.415686
v 15 18 -9 0.411765 0.415686 0.415686
v 16 18 -9 0.517647 0.494118 0.529412
v 15 18 -9 0.517647 0.494118 0.529412
v 3 18 -10 0.517647 0.494118 0.529412
v 2 18 -10 0.517647 0.494118 0.529412
v 4 18 -10 0.517647 0.494118 0.529412
v 5 18 -10 0.517647 0.494118 0.529412
v 6 18 -10 0.411765 0.415686 0.415686
v 5 18 -10 0.411765 0.415686 0.415686
v 7 18 -10 0.411765 0.415686 0.415686
v 8 18 -10 0.411765 0.415686 0.415686
v 9 18 -10 0.411765 0.415686 0.415686
v 10 18 -10 0.411765 0.415686 0.415686
v 11 18 -10 0.411765 0.415686 0.415686
v 12 18 -10 0.411765 0.415686 0.415686
v 13 18 -10 0.411765 0.415686 0.415686
v 14 18 -10 0.411765 0.415686 0.415686
v 15 18 -10 0.411765 0.415686 0.415686
v 16 18 -10 0.517647 0.494118 0.529412
v 15 18 -10 0.517647 0.494118 0.529412
v 3 18 -11 0.517647 0.494118 0.529412
v 2 18 -11 0.517647 0.494118 0.529412
v 4 18 -11 0.517647 0.494118 0.529412
v 5 18 -11 0.517647 0.494118 0.529412
v 6 18 -10 0.517647 0.494118 0.529412
v 6 18 -11 0.517647 0.494118 0.529412
v 7 18 -10 0.517647 0.494118 0.529412
v 7 18 -11 0.517647 0.494118 0.529412
v 8 18 -10 0.517647 0.494118 0.529412
v 8 18 -11 0.517647 0.494118 0.529412
v 9 18 -10 0.517647 0.494118 0.529412
v 9 18 -11 0.517647 0.494118 0.529412
v 10 18 -10 0.517647 0.494118 0.529412
v 10 18 -11 0.517647 0.494118 0.529412
v 11 18 -10 0.517647 0.494118 0.529412
v 11 18 -11 0.517647 0.494118 0.529412
v 12 18 -10 0.517647 0.494118 0.529412
v 12 18 -11 0.517647 0.494118 0.529412
v 13 18 -10 0.517647 0.494118 0.529412
v 13 18 -11 0.517647 0.494118 0.529412
v 14 18 -10 0.517647 0.494118 0.529412
v 14 18 -11 0.517647 0.494118 0.529412
v 15 18 -11 0.517647 0.494118 0.529412
v 16 18 -11 0.517647 0.494118 0.529412
v 3 18 -12 0.517647 0.494118 0.529412
v 2 18 -12 0.517647 0.494118 0.529412
v 4 18 -12 0.517647 0.494118 0.529412
v 5 18 -12 0.517647 0.494118 0.529412
v 6 18 -12 0.517647 0.494118 0.529412
v 7 18 -12 0.517647 0.494118 0.529412
v 8 18 -12 0.517647 0.494118 0.529412
v 9 18 -12 0.517647 0.494118 0.529412
v 10 18 -12 0.517647 0.494118 0.529412
v 11 18 -12 0.517647 0.494118 0.529412
v 12 18 -12 0.517647 0.494118 0.529412
v 13 18 -12 0.517647 0.494118 0.529412
v 14 18 -12 0.517647 0.494118 0.529412
v 15 18 -12 0.517647 0.494118 0.529412
v 16 18 -12 0.517647 0.494118 0.529412
v 3 18 -13 0.517647 0.494118 0.529412
v 2 18 -13 0.517647 0.494118 0.529412
v 4 18 -13 0.517647 0.494118 0.529412
v 5 18 -13 0.517647 0.494118 0.529412
v 6 18 -12 0.411765 0.415686 0.415686
v 6 18 -13 0.411765 0.415686 0.415686
v 5 18 -13 0.411765 0.415686 0.415686
v 5 18 -12 0.411765 0.415686 0.415686
v 7 18 -12 0.411765 0.415686 0.415686
v 7 18 -13 0.411765 0.415686 0.415686
v 8 18 -12 0.411765 0.415686 0.415686
v 8 18 -13 0.411765 0.415686 0.415686
v 9 18 -12 0.411765 0.415686 0.415686
v 9 18 -13 0.411765 0.415686 0.415686
v 10 18 -12 0.411765 0.415686 0.415686
v 10 18 -13 0.411765 0.415686 0.415686
v 11 18 -12 0.411765 0.415686 0.415686
v 11 18 -13 0.411765 0.415686 0.415686
v 12 18 -12 0.411765 0.415686 0.415686
v 12 18 -13 0.411765 0.415686 0.415686
v 13 18 -12 0.411765 0.415686 0.415686
v 13 18 -13 0.411765 0.415686 0.415686
v 14 18 -12 0.411765 0.415686 0.415686
v 14 18 -13 0.411765 0.415686 0.415686
v 15 18 -12 0.411765 0.415686 0.415686
v 15 18 -13 0.411765 0.415686 0.415686
v 16 18 -13 0.517647 0.494118 0.529412
v 15 18 -13 0.517647 0.494118 0.529412
v 3 18 -14 0.517647 0.494118 0.529412
v 2 18 -14 0.517647 0.494118 0.529412
v 4 18 -14 0.517647 0.494118 0.529412
v 5 18 -14 0.517647 0.494118 0.529412
v 6 18 -14 0.411765 0.415686 0.415686
v 5 18 -14 0.411765 0.415686 0.415686
v 7 18 -14 0.411765 0.415686 0.415686
v 8 18 -14 0.411765 0.415686 0.415686
v 9 18 -14 0.411765 0.415686 0.415686
v 10 18 -14 0.411765 0.415686 0.415686
v 11 18 -14 0.411765 0.415686 0.415686
v 12 18 -14 0.411765 0.415686 0.415686
v 13 18 -14 0.411765 0.415686 0.415686
v 14 18 -14 0.411765 0.415686 0.415686
v 15 18 -14 0.411765 0.415686 0.415686
v 16 18 -14 0.517647 0.494118 0.529412
v 15 18 -14 0.517647 0.494118 0.529412
v 3 18 -15 0.517647 0.494118 0.529412
v 2 18 -15 0.517647 0.494118 0.529412
v 4 18 -15 0.517647 0.494118 0.529412
v 5 18 -15 0.517647 0.494118 0.529412
v 6 18 -14 0.517647 0.494118 0.529412
v 6 18 -15 0.517647 0.494118 0.529412
v 7 18 -14 0.517647 0.494118 0.529412
v 7 18 -15 0.517647 0.494118 0.529412
v 8 18 -14 0.517647 0.494118 0.529412
v 8 18 -15 0.517647 0.494118 0.529412
v 9 18 -14 0.517647 0.494118 0.529412
v 9 18 -15 0.517647 0.494118 0.529412
v 10 18 -14 0.517647 0.494118 0.529412
v 10 18 -15 0.517647 0.494118 0.529412
v 11 18 -14 0.517647 0.494118 0.529412
v 11 18 -15 0.517647 0.494118 0.529412
v 12 18 -14 0.517647 0.494118 0.529412
v 12 18 -15 0.517647 0.494118 0.529412
v 13 18 -14 0.517647 0.494118 0.529412
v 13 18 -15 0.517647 0.494118 0.529412
v 14 18 -14 0.517647 0.494118 0.529412
v 14 18 -15 0.517647 0.494118 0.529412
v 15 18 -15 0.517647 0.494118 0.529412
v 16 18 -15 0.517647 0.494118 0.529412
v 3 18 -16 0.517647 0.494118 0.529412
v 2 18 -16 0.517647 0.494118 0.529412
v 4 18 -16 0.517647 0.494118 0.529412
v 5 18 -16 0.517647 0.494118 0.529412
v 6 18 -16 0.517647 0.494118 0.529412
v 7 18 -16 0.517647 0.494118 0.529412
v 8 18 -16 0.517647 0.494118 0.529412
v 9 18 -16 0.517647 0.494118 0.529412
v 10 18 -16 0.517647 0.494118 0.529412
v 11 18 -16 0.517647 0.494118 0.529412
v 12 18 -16 0.517647 0.494118 0.529412
v 13 18 -16 0.517647 0.494118 0.529412
v 14 18 -16 0.517647 0.494118 0.529412
v 15 18 -16 0.517647 0.494118 0.529412
v 16 18 -16 0.517647 0.494118 0.529412
v 3 19 -3 0.517647 0.494118 0.529412
v 2 19 -3 0.517647 0.494118 0.529412
v 2 19 -4 0.517647 0.494118 0.529412
v 3 18 -3 0.411765 0.415686 0.415686
v 4 18 -3 0.411765 0.415686 0.415686
v 4 19 -3 0.411765 0.415686 0.415686
v 3 19 -3 0.411765 0.415686 0.415686
v 5 18 -3 0.411765 0.415686 0.415686
v 5 19 -3 0.411765 0.415686 0.415686
v 6 18 -3 0.411765 0.415686 0.415686
v 6 19 -3 0.411765 0.415686 0.415686
v 7 19 -3 0.517647 0.494118 0.529412
v 6 19 -3 0.517647 0.494118 0.529412
v 7 19 -4 0.517647 0.494118 0.529412
v 14 19 -3 0.517647 0.494118 0.529412
v 13 19 -3 0.517647 0.494118 0.529412
v 13 19 -4 0.517647 0.494118 0.529412
v 14 18 -3 0.411765 0.415686 0.415686
v 15 18 -3 0.411765 0.415686 0.415686
v 15 19 -3 0.411765 0.415686 0.415686
v 14 19 -3 0.411765 0.415686 0.415686
v 16 18 -3 0.411765 0.415686 0.415686
v 16 19 -3 0.411765 0.415686 0.415686
v 2 19 -5 0.517647 0.494118 0.529412
v 7 19 -5 0.517647 0.494118 0.529412
v 13 19 -5 0.517647 0.494118 0.529412
v 2 19 -6 0.517647 0.494118 0.529412
v 3 19 -6 0.517647 0.494118 0.529412
v 4 19 -6 0.517647 0.494118 0.529412
v 5 19 -6 0.517647 0.494118 0.529412
v 6 19 -6 0.517647 0.494118 0.529412
v 7 19 -6 0.517647 0.494118 0.529412
v 13 19 -6 0.517647 0.494118 0.529412
v 14 19 -6 0.517647 0.494118 0.529412
v 15 19 -6 0.517647 0.494118 0.529412
v 16 19 -6 0.517647 0.494118 0.529412
v 3 20 -3 0.517647 0.494118 0.529412
v 2 20 -3 0.517647 0.494118 0.529412
v 2 20 -4 0.517647 0.494118 0.529412
v 4 20 -3 0.411765 0.415686 0.415686
v 3 20 -3 0.411765 0.415686 0.415686
v 5 20 -3 0.411765 0.415686 0.415686
v 6 20 -3 0.411765 0.415686 0.415686
v 7 20 -3 0.517647 0.494118 0.529412
v 6 20 -3 0.517647 0.494118 0.529412
v 7 20 -4 0.517647 0.494118 0.529412
v 14 20 -3 0.517647 0.494118 0.529412
v 13 20 -3 0.517647 0.494118 0.529412
v 13 20 -4 0.517647 0.494118 0.529412
v 15 20 -3 0.411765 0.415686 0.415686
v 14 20 -3 0.411765 0.415686 0.415686
v 16 20 -3 0.411765 0.415686 0.415686
v 2 20 -5 0.517647 0.494118 0.529412
v 7 20 -5 0.517647 0.494118 0.529412
v 13 20 -5 0.517647 0.494118 0.529412
v 2 20 -6 0.517647 0.494118 0.529412
v 3 20 -6 0.517647 0.494118 0.529412
v 4 20 -6 0.517647 0.494118 0.529412
v 5 20 -6 0.517647 0.494118 0.529412
v 6 20 -6 0.517647 0.494118 0.529412
v 7 20 -6 0.517647 0.494118 0.529412
v 13 20 -6 0.517647 0.494118 0.529412
v 14 20 -6 0.517647 0.494118 0.529412
v 15 20 -6 0.517647 0.494118 0.529412
v 16 20 -6 0.517647 0.494118 0.529412
v 8 19 -11 0.411765 0.415686 0.415686
v 9 19 -11 0.411765 0.415686 0.415686
v 9 20 -11 0.411765 0.415686 0.415686
v 8 20 -11 0.411765 0.415686 0.415686
v 8 19 -12 0.411765 0.415686 0.415686
v 9 19 -12 0.411765 0.415686 0.415686
v 8 20 -12 0.411765 0.415686 0.415686
v 10 19 -11 0.411765 0.415686 0.415686
v 10 20 -11 0.411765 0.415686 0.415686
v 10 19 -12 0.411765 0.415686 0.415686
v 11 19 -11 0.411765 0.415686 0.415686
v 11 20 -11 0.411765 0.415686 0.415686
v 11 19 -12 0.411765 0.415686 0.415686
v 12 19 -11 0.411765 0.415686 0.415686
v 12 20 -11 0.411765 0.415686 0.415686
v 12 19 -12 0.411765 0.415686 0.415686
v 12 20 -12 0.411765 0.415686 0.415686
v 8 19 -13 0.411765 0.415686 0.415686
v 9 19 -13 0.411765 0.415686 0.415686
v 8 20 -13 0.411765 0.415686 0.415686
v 10 19 -13 0.411765 0.415686 0.415686
v 11 19 -13 0.411765 0.415686 0.415686
v 12 19 -13 0.411765 0.415686 0.415686
v 12 20 -13 0.411765 0.415686 0.415686
v 8 19 -14 0.411765 0.415686 0.415686
v 9 19 -14 0.411765 0.415686 0.415686
v 8 20 -14 0.411765 0.415686 0.415686
v 10 19 -14 0.411765 0.415686 0.415686
v 11 19 -14 0.411765 0.415686 0.415686
v 12 19 -14 0.411765 0.415686 0.415686
v 12 20 -14 0.411765 0.415686 0.415686
v 8 19 -15 0.411765 0.415686 0.415686
v 9 19 -15 0.411765 0.415686 0.415686
v 8 20 -15 0.411765 0.415686 0.415686
v 10 19 -15 0.411765 0.415686 0.415686
v 11 19 -15 0.411765 0.415686 0.415686
v 12 19 -15 0.411765 0.415686 0.415686
v 12 20 -15 0.411765 0.415686 0.415686
v 8 19 -16 0.411765 0.415686 0.415686
v 9 19 -16 0.411765 0.415686 0.415686
v 8 20 -16 0.411765 0.415686 0.415686
v 10 19 -16 0.411765 0.415686 0.415686
v 11 19 -16 0.411765 0.415686 0.415686
v 12 19 -16 0.411765 0.415686 0.415686
v 12 20 -16 0.411765 0.415686 0.415686
v 3 21 -3 0.517647 0.494118 0.529412
v 2 21 -3 0.517647 0.494118 0.529412
v 3 21 -4 0.517647 0.494118 0.529412
v 2 21 -4 0.517647 0.494118 0.529412
v 4 20 -3 0.517647 0.494118 0.529412
v 4 21 -3 0.517647 0.494118 0.529412
v 4 21 -4 0.517647 0.494118 0.529412
v 5 20 -3 0.517647 0.494118 0.529412
v 5 21 -3 0.517647 0.494118 0.529412
v 5 21 -4 0.517647 0.494118 0.529412
v 6 21 -3 0.517647 0.494118 0.529412
v 6 21 -4 0.517647 0.494118 0.529412
v 7 21 -3 0.517647 0.494118 0.529412
v 7 21 -4 0.517647 0.494118 0.529412
v 14 21 -3 0.517647 0.494118 0.529412
v 13 21 -3 0.517647 0.494118 0.529412
v 14 21 -4 0.517647 0.494118 0.529412
v 13 21 -4 0.517647 0.494118 0.529412
v 15 20 -3 0.517647 0.494118 0.529412
v 15 21 -3 0.517647 0.494118 0.529412
v 15 21 -4 0.517647 0.494118 0.529412
v 16 20 -3 0.517647 0.494118 0.529412
v 16 21 -3 0.517647 0.494118 0.529412
v 16 21 -4 0.517647 0.494118 0.529412
v 3 21 -5 0.517647 0.494118 0.529412
v 2 21 -5 0.517647 0.494118 0.529412
v 4 21 -5 0.517647 0.494118 0.529412
v 5 21 -5 0.517647 0.494118 0.529412
v 6 21 -5 0.517647 0.494118 0.529412
v 7 21 -5 0.517647 0.494118 0.529412
v 14 21 -5 0.517647 0.494118 0.529412
v 13 21 -5 0.517647 0.494118 0.529412
v 15 21 -5 0.517647 0.494118 0.529412
v 16 21 -5 0.517647 0.494118 0.529412
v 2 21 -6 0.517647 0.494118 0.529412
v 3 21 -6 0.517647 0.494118 0.529412
v 4 21 -6 0.517647 0.494118 0.529412
v 5 21 -6 0.517647 0.494118 0.529412
v 6 21 -6 0.517647 0.494118 0.529412
v 7 21 -6 0.517647 0.494118 0.529412
v 13 21 -6 0.517647 0.494118 0.529412
v 14 21 -6 0.517647 0.494118 0.529412
v 15 21 -6 0.517647 0.494118 0.529412
v 16 21 -6 0.517647 0.494118 0.529412
v 9 21 -11 0.411765 0.415686 0.415686
v 8 21 -11 0.411765 0.415686 0.415686
v 8 21 -12 0.411765 0.415686 0.415686
v 10 21 -11 0.411765 0.415686 0.415686
v 11 21 -11 0.411765 0.415686 0.415686
v 12 21 -11 0.411765 0.415686 0.415686
v 12 21 -12 0.411765 0.415686 0.415686
v 8 21 -13 0.411765 0.415686 0.415686
v 12 21 -13 0.411765 0.415686 0.415686
v 8 21 -14 0.411765 0.415686 0.415686
v 12 21 -14 0.411765 0.415686 0.415686
v 8 21 -15 0.411765 0.415686 0.415686
v 12 21 -15 0.411765 0.415686 0.415686
v 8 21 -16 0.411765 0.415686 0.415686
v 12 21 -16 0.411765 0.415686 0.415686
v 9 22 -11 0.411765 0.415686 0.415686
v 8 22 -11 0.411765 0.415686 0.415686
v 9 22 -12 0.411765 0.415686 0.415686
v 8 22 -12 0.411765 0.415686 0.415686
v 10 22 -11 0.411765 0.415686 0.415686
v 10 22 -12 0.411765 0.415686 0.415686
v 11 22 -11 0.411765 0.415686 0.415686
v 11 22 -12 0.411765 0.415686 0.415686
v 12 22 -11 0.411765 0.415686 0.415686
v 12 22 -12 0.411765 0.415686 0.415686
v 9 22 -13 0.411765 0.415686 0.415686
v 8 22 -13 0.411765 0.415686 0.415686
v 10 22 -13 0.411765 0.415686 0.415686
v 11 22 -13 0.411765 0.415686 0.415686
v 12 22 -13 0.411765 0.415686 0.415686
v 9 22 -14 0.411765 0.415686 0.415686
v 8 22 -14 0.411765 0.415686 0.415686
v 10 22 -14 0.411765 0.415686 0.415686
v 11 22 -14 0.411765 0.415686 0.415686
v 12 22 -14 0.411765 0.415686 0.415686
v 9 22 -15 0.411765 0.415686 0.415686
v 8 22 -15 0.411765 0.415686 0.415686
v 10 22 -15 0.411765 0.415686 0.415686
v 11 22 -15 0.411765 0.415686 0.415686
v 12 22 -15 0.411765 0.415686 0.415686
v 9 22 -16 0.411765 0.415686 0.415686
v 8 22 -16 0.411765 0.415686 0.415686
v 10 22 -16 0.411765 0.415686 0.415686
v 11 22 -16 0.411765 0.415686 0.415686
v 12 22 -16 0.411765 0.415686 0.415686
v 17 16 -3 0.517647 0.494118 0.529412
v 17 17 -3 0.517647 0.494118 0.529412
v 18 16 -3 0.517647 0.494118 0.529412
v 18 17 -3 0.517647 0.494118 0.529412
v 18 16 -4 0.517647 0.494118 0.529412
v 18 17 -4 0.517647 0.494118 0.529412
v 18 16 -5 0.517647 0.494118 0.529412
v 18 17 -5 0.517647 0.494118 0.529412
v 18 16 -6 0.517647 0.494118 0.529412
v 18 17 -6 0.517647 0.494118 0.529412
v 18 16 -7 0.517647 0.494118 0.529412
v 18 17 -7 0.517647 0.494118 0.529412
v 18 16 -8 0.517647 0.494118 0.529412
v 18 17 -8 0.517647 0.494118 0.529412
v 18 16 -9 0.517647 0.494118 0.529412
v 18 17 -9 0.517647 0.494118 0.529412
v 18 16 -10 0.517647 0.494118 0.529412
v 18 17 -10 0.517647 0.494118 0.529412
v 18 16 -11 0.517647 0.494118 0.529412
v 18 17 -11 0.517647 0.494118 0.529412
v 18 16 -12 0.517647 0.494118 0.529412
v 18 17 -12 0.517647 0.494118 0.529412
v 18 16 -13 0.517647 0.494118 0.529412
v 18 17 -13 0.517647 0.494118 0.529412
v 18 16 -14 0.517647 0.494118 0.529412
v 18 17 -14 0.517647 0.494118 0.529412
v 18 16 -15 0.517647 0.494118 0.529412
v 18 17 -15 0.517647 0.494118 0.529412
v 18 16 -16 0.517647 0.494118 0.529412
v 18 17 -16 0.517647 0.494118 0.529412
v 17 18 -3 0.517647 0.494118 0.529412
v 18 18 -3 0.517647 0.494118 0.529412
v 18 18 -4 0.517647 0.494118 0.529412
v 18 18 -5 0.517647 0.494118 0.529412
v 18 18 -6 0.517647 0.494118 0.529412
v 17 18 -6 0.517647 0.494118 0.529412
v 17 18 -7 0.517647 0.494118 0.529412
v 18 18 -7 0.517647 0.494118 0.529412
v 17 18 -8 0.517647 0.494118 0.529412
v 18 18 -8 0.517647 0.494118 0.529412
v 17 18 -9 0.517647 0.494118 0.529412
v 18 18 -9 0.517647 0.494118 0.529412
v 17 18 -10 0.517647 0.494118 0.529412
v 18 18 -10 0.517647 0.494118 0.529412
v 17 18 -11 0.517647 0.494118 0.529412
v 18 18 -11 0.517647 0.494118 0.529412
v 17 18 -12 0.517647 0.494118 0.529412
v 18 18 -12 0.517647 0.494118 0.529412
v 17 18 -13 0.517647 0.494118 0.529412
v 18 18 -13 0.517647 0.494118 0.529412
v 17 18 -14 0.517647 0.494118 0.529412
v 18 18 -14 0.517647 0.494118 0.529412
v 17 18 -15 0.517647 0.494118 0.529412
v 18 18 -15 0.517647 0.494118 0.529412
v 17 18 -16 0.517647 0.494118 0.529412
v 18 18 -16 0.517647 0.494118 0.529412
v 17 18 -3 0.411765 0.415686 0.415686
v 17 19 -3 0.411765 0.415686 0.415686
v 18 19 -3 0.517647 0.494118 0.529412
v 17 19 -3 0.517647 0.494118 0.529412
v 18 19 -4 0.517647 0.494118 0.529412
v 18 19 -5 0.517647 0.494118 0.529412
v 17 19 -6 0.517647 0.494118 0.529412
v 18 19 -6 0.517647 0.494118 0.529412
v 17 20 -3 0.411765 0.415686 0.415686
v 18 20 -3 0.517647 0.494118 0.529412
v 17 20 -3 0.517647 0.494118 0.529412
v 18 20 -4 0.517647 0.494118 0.529412
v 18 20 -5 0.517647 0.494118 0.529412
v 17 20 -6 0.517647 0.494118 0.529412
v 18 20 -6 0.517647 0.494118 0.529412
v 17 21 -3 0.517647 0.494118 0.529412
v 17 21 -4 0.517647 0.494118 0.529412
v 18 21 -3 0.517647 0.494118 0.529412
v 18 21 -4 0.517647 0.494118 0.529412
v 17 21 -5 0.517647 0.494118 0.529412
v 18 21 -5 0.517647 0.494118 0.529412
v 17 21 -6 0.517647 0.494118 0.529412
v 18 21 -6 0.517647 0.494118 0.529412
v 2 17 -17 0.517647 0.494118 0.529412
v 2 17 -18 0.517647 0.494118 0.529412
v 2 17 -19 0.517647 0.494118 0.529412
v 3 17 -19 0.517647 0.494118 0.529412
v 4 17 -19 0.517647 0.494118 0.529412
v 5 17 -19 0.517647 0.494118 0.529412
v 6 17 -19 0.517647 0.494118 0.529412
v 7 17 -19 0.517647 0.494118 0.529412
v 8 17 -19 0.517647 0.494118 0.529412
v 12 17 -19 0.517647 0.494118 0.529412
v 13 17 -19 0.517647 0.494118 0.529412
v 14 17 -19 0.517647 0.494118 0.529412
v 15 17 -19 0.517647 0.494118 0.529412
v 16 17 -19 0.517647 0.494118 0.529412
v 8 17 -19 0.411765 0.415686 0.415686
v 8 17 -20 0.411765 0.415686 0.415686
v 12 17 -20 0.411765 0.415686 0.415686
v 12 17 -19 0.411765 0.415686 0.415686
v 8 17 -21 0.411765 0.415686 0.415686
v 12 17 -21 0.411765 0.415686 0.415686
v 8 17 -22 0.411765 0.415686 0.415686
v 9 17 -22 0.411765 0.415686 0.415686
v 10 17 -22 0.411765 0.415686 0.415686
v 11 17 -22 0.411765 0.415686 0.415686
v 12 17 -22 0.411765 0.415686 0.415686
v 3 18 -17 0.517647 0.494118 0.529412
v 2 18 -17 0.517647 0.494118 0.529412
v 4 18 -17 0.517647 0.494118 0.529412
v 5 18 -17 0.517647 0.494118 0.529412
v 6 18 -16 0.411765 0.415686 0.415686
v 6 18 -17 0.411765 0.415686 0.415686
v 5 18 -17 0.411765 0.415686 0.415686
v 5 18 -16 0.411765 0.415686 0.415686
v 7 18 -16 0.411765 0.415686 0.415686
v 7 18 -17 0.411765 0.415686 0.415686
v 8 18 -16 0.411765 0.415686 0.415686
v 8 18 -17 0.411765 0.415686 0.415686
v 9 18 -16 0.411765 0.415686 0.415686
v 9 18 -17 0.411765 0.415686 0.415686
v 10 18 -16 0.411765 0.415686 0.415686
v 10 18 -17 0.411765 0.415686 0.415686
v 11 18 -16 0.411765 0.415686 0.415686
v 11 18 -17 0.411765 0.415686 0.415686
v 12 18 -16 0.411765 0.415686 0.415686
v 12 18 -17 0.411765 0.415686 0.415686
v 13 18 -16 0.411765 0.415686 0.415686
v 13 18 -17 0.411765 0.415686 0.415686
v 14 18 -16 0.411765 0.415686 0.415686
v 14 18 -17 0.411765 0.415686 0.415686
v 15 18 -16 0.411765 0.415686 0.415686
v 15 18 -17 0.411765 0.415686 0.415686
v 16 18 -17 0.517647 0.494118 0.529412
v 15 18 -17 0.517647 0.494118 0.529412
v 3 18 -18 0.517647 0.494118 0.529412
v 2 18 -18 0.517647 0.494118 0.529412
v 4 18 -18 0.517647 0.494118 0.529412
v 5 18 -18 0.517647 0.494118 0.529412
v 6 18 -18 0.411765 0.415686 0.415686
v 5 18 -18 0.411765 0.415686 0.415686
v 7 18 -18 0.411765 0.415686 0.415686
v 8 18 -18 0.411765 0.415686 0.415686
v 9 18 -18 0.411765 0.415686 0.415686
v 10 18 -18 0.411765 0.415686 0.415686
v 11 18 -18 0.411765 0.415686 0.415686
v 12 18 -18 0.411765 0.415686 0.415686
v 13 18 -18 0.411765 0.415686 0.415686
v 14 18 -18 0.411765 0.415686 0.415686
v 15 18 -18 0.411765 0.415686 0.415686
v 16 18 -18 0.517647 0.494118 0.529412
v 15 18 -18 0.517647 0.494118 0.529412
v 2 18 -19 0.517647 0.494118 0.529412
v 3 18 -19 0.517647 0.494118 0.529412
v 4 18 -19 0.517647 0.494118 0.529412
v 5 18 -19 0.517647 0.494118 0.529412
v 6 18 -19 0.517647 0.494118 0.529412
v 6 18 -18 0.517647 0.494118 0.529412
v 7 18 -19 0.517647 0.494118 0.529412
v 7 18 -18 0.517647 0.494118 0.529412
v 8 18 -19 0.517647 0.494118 0.529412
v 8 18 -18 0.517647 0.494118 0.529412
v 9 18 -18 0.517647 0.494118 0.529412
v 9 18 -19 0.517647 0.494118 0.529412
v 10 18 -18 0.517647 0.494118 0.529412
v 10 18 -19 0.517647 0.494118 0.529412
v 11 18 -18 0.517647 0.494118 0.529412
v 11 18 -19 0.517647 0.494118 0.529412
v 12 18 -18 0.517647 0.494118 0.529412
v 12 18 -19 0.517647 0.494118 0.529412
v 13 18 -19 0.517647 0.494118 0.529412
v 13 18 -18 0.517647 0.494118 0.529412
v 14 18 -19 0.517647 0.494118 0.529412
v 14 18 -18 0.517647 0.494118 0.529412
v 15 18 -19 0.517647 0.494118 0.529412
v 16 18 -19 0.517647 0.494118 0.529412
v 8 18 -19 0.411765 0.415686 0.415686
v 8 18 -20 0.411765 0.415686 0.415686
v 12 18 -20 0.411765 0.415686 0.415686
v 12 18 -19 0.411765 0.415686 0.415686
v 8 18 -21 0.411765 0.415686 0.415686
v 12 18 -21 0.411765 0.415686 0.415686
v 8 18 -22 0.411765 0.415686 0.415686
v 9 18 -22 0.411765 0.415686 0.415686
v 10 18 -22 0.411765 0.415686 0.415686
v 11 18 -22 0.411765 0.415686 0.415686
v 12 18 -22 0.411765 0.415686 0.415686
v 9 18 -19 0.411765 0.415686 0.415686
v 9 19 -19 0.411765 0.415686 0.415686
v 8 19 -19 0.411765 0.415686 0.415686
v 8 19 -20 0.411765 0.415686 0.415686
v 10 18 -19 0.411765 0.415686 0.415686
v 10 19 -19 0.411765 0.415686 0.415686
v 11 18 -19 0.411765 0.415686 0.415686
v 11 19 -19 0.411765 0.415686 0.415686
v 12 19 -19 0.411765 0.415686 0.415686
v 12 19 -20 0.411765 0.415686 0.415686
v 8 19 -21 0.411765 0.415686 0.415686
v 12 19 -21 0.411765 0.415686 0.415686
v 8 19 -22 0.411765 0.415686 0.415686
v 9 19 -22 0.411765 0.415686 0.415686
v 10 19 -22 0.411765 0.415686 0.415686
v 11 19 -22 0.411765 0.415686 0.415686
v 12 19 -22 0.411765 0.415686 0.415686
v 8 19 -17 0.411765 0.415686 0.415686
v 9 19 -17 0.411765 0.415686 0.415686
v 8 20 -17 0.411765 0.415686 0.415686
v 10 19 -17 0.411765 0.415686 0.415686
v 11 19 -17 0.411765 0.415686 0.415686
v 12 19 -17 0.411765 0.415686 0.415686
v 12 20 -17 0.411765 0.415686 0.415686
v 8 19 -18 0.411765 0.415686 0.415686
v 9 19 -18 0.411765 0.415686 0.415686
v 8 20 -18 0.411765 0.415686 0.415686
v 10 19 -18 0.411765 0.415686 0.415686
v 11 19 -18 0.411765 0.415686 0.415686
v 12 19 -18 0.411765 0.415686 0.415686
v 12 20 -18 0.411765 0.415686 0.415686
v 8 20 -19 0.411765 0.415686 0.415686
v 12 20 -19 0.411765 0.415686 0.415686
v 8 20 -20 0.411765 0.415686 0.415686
v 12 20 -20 0.411765 0.415686 0.415686
v 8 20 -21 0.411765 0.415686 0.415686
v 12 20 -21 0.411765 0.415686 0.415686
v 8 20 -22 0.411765 0.415686 0.415686
v 9 20 -22 0.411765 0.415686 0.415686
v 10 20 -22 0.411765 0.415686 0.415686
v 11 20 -22 0.411765 0.415686 0.415686
v 12 20 -22 0.411765 0.415686 0.415686
v 8 21 -17 0.411765 0.415686 0.415686
v 12 21 -17 0.411765 0.415686 0.415686
v 8 21 -18 0.411765 0.415686 0.415686
v 12 21 -18 0.411765 0.415686 0.415686
v 8 21 -19 0.411765 0.415686 0.415686
v 12 21 -19 0.411765 0.415686 0.415686
v 8 21 -20 0.411765 0.415686 0.415686
v 12 21 -20 0.411765 0.415686 0.415686
v 8 21 -21 0.411765 0.415686 0.415686
v 12 21 -21 0.411765 0.415686 0.415686
v 8 21 -22 0.411765 0.415686 0.415686
v 9 21 -22 0.411765 0.415686 0.415686
v 10 21 -22 0.411765 0.415686 0.415686
v 11 21 -22 0.411765 0.415686 0.415686
v 12 21 -22 0.411765 0.415686 0.415686
v 9 22 -17 0.411765 0.415686 0.415686
v 8 22 -17 0.411765 0.415686 0.415686
v 10 22 -17 0.411765 0.415686 0.415686
v 11 22 -17 0.411765 0.415686 0.415686
v 12 22 -17 0.411765 0.415686 0.415686
v 9 22 -18 0.411765 0.415686 0.415686
v 8 22 -18 0.411765 0.415686 0.415686
v 10 22 -18 0.411765 0.415686 0.415686
v 11 22 -18 0.411765 0.415686 0.415686
v 12 22 -18 0.411765 0.415686 0.415686
v 9 22 -19 0.411765 0.415686 0.415686
v 8 22 -19 0.411765 0.415686 0.415686
v 10 22 -19 0.411765 0.415686 0.415686
v 11 22 -19 0.411765 0.415686 0.415686
v 12 22 -19 0.411765 0.415686 0.415686
v 9 22 -20 0.411765 0.415686 0.415686
v 8 22 -20 0.411765 0.415686 0.415686
v 10 22 -20 0.411765 0.415686 0.415686
v 11 22 -20 0.411765 0.415686 0.415686
v 12 22 -20 0.411765 0.415686 0.415686
v 9 22 -21 0.411765 0.415686 0.415686
v 8 22 -21 0.411765 0.415686 0.415686
v 10 22 -21 0.411765 0.415686 0.415686
v 11 22 -21 0.411765 0.415686 0.415686
v 12 22 -21 0.411765 0.415686 0.415686
v 8 22 -22 0.411765 0.415686 0.415686
v 9 22 -22 0.411765 0.415686 0.415686
v 10 22 -22 0.411765 0.415686 0.415686
v 11 22 -22 0.411765 0.415686 0.415686
v 12 22 -22 0.411765 0.415686 0.415686
v 18 17 -17 0.517647 0.494118 0.529412
v 18 17 -18 0.517647 0.494118 0.529412
v 17 17 -19 0.517647 0.494118 0.529412
v 18 17 -19 0.517647 0.494118 0.529412
v 17 18 -17 0.517647 0.494118 0.529412
v 18 18 -17 0.517647 0.494118 0.529412
v 17 18 -18 0.517647 0.494118 0.529412
v 18 18 -18 0.517647 0.494118 0.529412
v 17 18 -19 0.517647 0.494118 0.529412
v 18 18 -19 0.517647 0.494118 0.529412
vn 0 0 1
vn 0 -1 0
vn -1 0 0
vn 1 0 0
vn 0 0 1
vn 0 -1 0
vn -1 0 0
vn 1 0 0
vn 0 1 0
vn 0 1 0
vn 0 0 -1
vn 0 0 -1
vn 0 0 1
vn 0 -1 0
vn -1 0 0
vn 1 0 0
vn 0 0 -1
vn 0 1 0
vn 0 0 1
vn -1 0 0
vn 0 0 1
vn 0 -1 0
vn -1 0 0
vn 0 0 1
vn 0 -1 0
vn -1 0 0
vn 1 0 0
vn 0 0 1
vn 0 0 -1
vn 0 -1 0
vn 0 1 0
vn -1 0 0
vn 0 1 0
vn 0 0 1
vn 0 0 1
vn 1 0 0
vn 1 0 0
vn 1 0 0
vn 0 0 -1
vn 0 0 -1
vn 0 1 0
f 1//1 2//1 3//1 4//1
f 1//2 5//2 6//2 2//2
f 1//3 4//3 7//3 5//3
f 2//1 8//1 9//1 3//1
f 2//2 6//2 10//2 8//2
f 8//4 10//4 11//4 9//4
f 12//1 13//1 14//1 15//1
f 12//2 16//2 17//2 13//2
f 12//3 15//3 18//3 16//3
f 13//1 19//1 20//1 14//1
f 13//2 17//2 21//2 19//2
f 19//4 21//4 22//4 20//4
f 23//5 24//5 25//5 26//5
f 23//6 27//6 28//6 24//6
f 23//7 26//7 29//7 27//7
f 24//5 30//5 31//5 25//5
f 24//6 28//6 32//6 30//6
f 30//8 32//8 33//8 31//8
f 5//2 34//2 35//2 6//2
f 36//9 37//9 38//9 7//9
f 5//3 7//3 38//3 34//3
f 6//2 35//2 39//2 10//2
f 11//9 40//9 37//9 36//9
f 10//4 39//4 40//4 11//4
f 16//2 41//2 42//2 17//2
f 43//9 44//9 45//9 18//9
f 16//3 18//3 45//3 41//3
f 17//2 42//2 46//2 21//2
f 22//9 47//9 44//9 43//9
f 21//4 46//4 47//4 22//4
f 27//6 48//6 49//6 28//6
f 50//10 51//10 52//10 29//10
f 27//7 29//7 52//7 48//7
f 28//6 49//6 53//6 32//6
f 33//10 54//10 51//10 50//10
f 32//8 53//8 54//8 33//8
f 55//11 56//11 57//11 58//11
f 34//2 56//2 55//2 35//2
f 34//3 38//3 57//3 56//3
f 59//11 55//11 58//11 60//11
f 35//2 55//2 59//2 39//2
f 39//4 59//4 60//4 40//4
f 61//11 62//11 63//11 64//11
f 41//2 62//2 61//2 42//2
f 41//3 45//3 63//3 62//3
f 65//11 61//11 64//11 66//11
f 42//2 61//2 65//2 46//2
f 46//4 65//4 66//4 47//4
f 67//12 68//12 69//12 70//12
f 48//6 68//6 67//6 49//6
f 48//7 52//7 69//7 68//7
f 71//12 67//12 70//12 72//12
f 49//6 67//6 71//6 53//6
f 53//8 71//8 72//8 54//8
f 73//1 74//1 75//1 76//1
f 73//2 77//2 78//2 74//2
f 73//3 76//3 79//3 77//3
f 74//1 80//1 81//1 75//1
f 74//2 78//2 82//2 80//2
f 80//4 82//4 83//4 81//4
f 84//1 85//1 86//1 87//1
f 84//2 88//2 89//2 85//2
f 84//3 87//3 90//3 88//3
f 85//1 91//1 92//1 86//1
f 85//2 89//2 93//2 91//2
f 91//4 93//4 94//4 92//4
f 95//5 96//5 97//5 98//5
f 95//6 99//6 100//6 96//6
f 95//7 98//7 101//7 99//7
f 96//5 102//5 103//5 97//5
f 96//6 100//6 104//6 102//6
f 102//8 104//8 105//8 103//8
f 77//2 106//2 107//2 78//2
f 108//9 109//9 110//9 79//9
f 77//3 79//3 110//3 106//3
f 78//2 107//2 111//2 82//2
f 83//9 112//9 109//9 108//9
f 82//4 111//4 112//4 83//4
f 88//2 113//2 114//2 89//2
f 115//9 116//9 117//9 90//9
f 88//3 90//3 117//3 113//3
f 89//2 114//2 118//2 93//2
f 94//9 119//9 116//9 115//9
f 93//4 118//4 119//4 94//4
f 99//6 120//6 121//6 100//6
f 122//10 123//10 124//10 101//10
f 99//7 101//7 124//7 120//7
f 100//6 121//6 125//6 104//6
f 105//10 126//10 123//10 122//10
f 104//8 125//8 126//8 105//8
f 127//11 128//11 129//11 130//11
f 106//2 128//2 127//2 107//2
f 106//3 110//3 129//3 128//3
f 131//11 127//11 130//11 132//11
f 107//2 127//2 131//2 111//2
f 111//4 131//4 132//4 112//4
f 133//11 134//11 135//11 136//11
f 113//2 134//2 133//2 114//2
f 113//3 117//3 135//3 134//3
f 137//11 133//11 136//11 138//11
f 114//2 133//2 137//2 118//2
f 118//4 137//4 138//4 119//4
f 139//12 140//12 141//12 142//12
f 120//6 140//6 139//6 121//6
f 120//7 124//7 141//7 140//7
f 143//12 139//12 142//12 144//12
f 121//6 139//6 143//6 125//6
f 125//8 143//8 144//8 126//8
f 145//1 146//1 147//1 148//1
f 145//2 149//2 150//2 146//2
f 145//3 148//3 151//3 149//3
f 146//1 152//1 153//1 147//1
f 146//2 150//2 154//2 152//2
f 152//4 154//4 155//4 153//4
f 156//1 157//1 158//1 159//1
f 156//2 160//2 161//2 157//2
f 156//3 159//3 162//3 160//3
f 157//1 163//1 164//1 158//1
f 157//2 161//2 165//2 163//2
f 163//4 165//4 166//4 164//4
f 167//5 168//5 169//5 170//5
f 167//6 171//6 172//6 168//6
f 167//7 170//7 173//7 171//7
f 168//5 174//5 175//5 169//5
f 168//6 172//6 176//6 174//6
f 174//8 176//8 177//8 175//8
f 149//2 178//2 179//2 150//2
f 180//9 181//9 182//9 151//9
f 149//3 151//3 182//3 178//3
f 150//2 179//2 183//2 154//2
f 155//9 184//9 181//9 180//9
f 154//4 183//4 184//4 155//4
f 160//2 185//2 186//2 161//2
f 187//9 188//9 189//9 162//9
f 160//3 162//3 189//3 185//3
f 161//2 186//2 190//2 165//2
f 166//9 191//9 188//9 187//9
f 165//4 190//4 191//4 166//4
f 171//6 192//6 193//6 172//6
f 194//10 195//10 196//10 173//10
f 171//7 173//7 196//7 192//7
f 172//6 193//6 197//6 176//6
f 177//10 198//10 195//10 194//10
f 176//8 197//8 198//8 177//8
f 199//11 200//11 201//11 202//11
f 178//2 200//2 199//2 179//2
f 178//3 182//3 201//3 200//3
f 203//11 199//11 202//11 204//11
f 179//2 199//2 203//2 183//2
f 183//4 203//4 204//4 184//4
f 205//11 206//11 207//11 208//11
f 185//2 206//2 205//2 186//2
f 185//3 189//3 207//3 206//3
f 209//11 205//11 208//11 210//11
f 186//2 205//2 209//2 190//2
f 190//4 209//4 210//4 191//4
f 211//12 212//12 213//12 214//12
f 192//6 212//6 211//6 193//6
f 192//7 196//7 213//7 212//7
f 215//12 211//12 214//12 216//12
f 193//6 211//6 215//6 197//6
f 197//8 215//8 216//8 198//8
f 4//1 3//1 217//1 218//1
f 36//11 7//11 219//11 220//11
f 4//3 218//3 219//3 7//3
f 3//1 9//1 221//1 217//1
f 11//11 36//11 220//11 222//11
f 9//4 11//4 222//4 221//4
f 15//1 14//1 223//1 224//1
f 43//11 18//11 225//11 226//11
f 15//3 224//3 225//3 18//3
f 14//1 20//1 227//1 223//1
f 22//11 43//11 226//11 228//11
f 20//4 22//4 228//4 227//4
f 26//5 25//5 229//5 230//5
f 50//12 29//12 231//12 232//12
f 26//7 230//7 231//7 29//7
f 25//5 31//5 233//5 229//5
f 33//12 50//12 232//12 234//12
f 31//8 33//8 234//8 233//8
f 235//13 236//13 237//13 238//13
f 235//14 239//14 240//14 236//14
f 235//15 238//15 241//15 239//15
f 236//13 242//13 243//13 237//13
f 236//14 240//14 244//14 242//14
f 242//16 244//16 245//16 243//16
f 246//13 247//13 248//13 249//13
f 246//14 250//14 251//14 247//14
f 246//15 249//15 252//15 250//15
f 38//1 37//1 253//1 254//1
f 58//11 57//11 255//11 256//11
f 38//3 254//3 255//3 57//3
f 37//1 40//1 257//1 253//1
f 60//11 58//11 256//11 258//11
f 239//14 259//14 260//14 240//14
f 240//14 260//14 261//14 244//14
f 45//1 44//1 262//1 263//1
f 64//11 63//11 264//11 265//11
f 44//1 47//1 266//1 262//1
f 66//11 64//11 265//11 267//11
f 47//4 66//4 267//4 266//4
f 52//5 51//5 268//5 269//5
f 70//12 69//12 270//12 271//12
f 52//7 269//7 270//7 69//7
f 51//5 54//5 272//5 268//5
f 72//12 70//12 271//12 273//12
f 250//14 274//14 275//14 251//14
f 259//14 276//14 277//14 260//14
f 259//15 278//15 279//15 276//15
f 260//14 277//14 280//14 261//14
f 261//16 280//16 281//16 282//16
f 274//14 283//14 284//14 275//14
f 274//15 285//15 286//15 283//15
f 76//1 75//1 287//1 288//1
f 108//11 79//11 289//11 290//11
f 76//3 288//3 289//3 79//3
f 75//1 81//1 291//1 287//1
f 83//11 108//11 290//11 292//11
f 276//14 293//14 294//14 277//14
f 277//14 294//14 295//14 280//14
f 87//1 86//1 296//1 297//1
f 115//11 90//11 298//11 299//11
f 86//1 92//1 300//1 296//1
f 94//11 115//11 299//11 301//11
f 92//4 94//4 301//4 300//4
f 98//5 97//5 302//5 303//5
f 122//12 101//12 304//12 305//12
f 98//7 303//7 304//7 101//7
f 97//5 103//5 306//5 302//5
f 105//12 122//12 305//12 307//12
f 283//14 308//14 309//14 284//14
f 310//17 311//17 312//17 313//17
f 293//14 311//14 310//14 294//14
f 293//15 314//15 312//15 311//15
f 315//17 310//17 313//17 316//17
f 294//14 310//14 315//14 295//14
f 295//16 315//16 316//16 317//16
f 318//17 319//17 320//17 321//17
f 308//14 319//14 318//14 309//14
f 308//15 322//15 320//15 319//15
f 110//1 109//1 323//1 324//1
f 130//11 129//11 325//11 326//11
f 110//3 324//3 325//3 129//3
f 109//1 112//1 327//1 323//1
f 132//11 130//11 326//11 328//11
f 112//4 132//4 328//4 327//4
f 117//1 116//1 329//1 330//1
f 136//11 135//11 331//11 332//11
f 117//3 330//3 331//3 135//3
f 116//1 119//1 333//1 329//1
f 138//11 136//11 332//11 334//11
f 119//4 138//4 334//4 333//4
f 124//5 123//5 335//5 336//5
f 142//12 141//12 337//12 338//12
f 124//7 336//7 337//7 141//7
f 123//5 126//5 339//5 335//5
f 144//12 142//12 338//12 340//12
f 126//8 144//8 340//8 339//8
f 148//1 147//1 341//1 342//1
f 180//11 151//11 343//11 344//11
f 148//3 342//3 343//3 151//3
f 147//1 153//1 345//1 341//1
f 155//11 180//11 344//11 346//11
f 153//4 155//4 346//4 345//4
f 159//1 158//1 347//1 348//1
f 187//11 162//11 349//11 350//11
f 159//3 348//3 349//3 162//3
f 158//1 164//1 351//1 347//1
f 166//11 187//11 350//11 352//11
f 164//4 166//4 352//4 351//4
f 170//5 169//5 353//5 354//5
f 194//12 173//12 355//12 356//12
f 170//7 354//7 355//7 173//7
f 169//5 175//5 357//5 353//5
f 177//12 194//12 356//12 358//12
f 175//8 177//8 358//8 357//8
f 359//13 360//13 361//13 362//13
f 359//14 363//14 364//14 360//14
f 359//15 362//15 365//15 363//15
f 360//13 366//13 367//13 361//13
f 360//14 364//14 368//14 366//14
f 366//16 368//16 369//16 367//16
f 370//13 371//13 372//13 373//13
f 370//14 374//14 375//14 371//14
f 370//15 373//15 376//15 374//15
f 182//1 181//1 377//1 378//1
f 202//11 201//11 379//11 380//11
f 182//3 378//3 379//3 201//3
f 181//1 184//1 381//1 377//1
f 204//11 202//11 380//11 382//11
f 363//14 383//14 384//14 364//14
f 364//14 384//14 385//14 368//14
f 189//1 188//1 386//1 387//1
f 208//11 207//11 388//11 389//11
f 188//1 191//1 390//1 386//1
f 210//11 208//11 389//11 391//11
f 191//4 210//4 391//4 390//4
f 196//5 195//5 392//5 393//5
f 214//12 213//12 394//12 395//12
f 196//7 393//7 394//7 213//7
f 195//5 198//5 396//5 392//5
f 216//12 214//12 395//12 397//12
f 374//14 398//14 399//14 375//14
f 218//1 217//1 400//1 401//1
f 400//9 402//9 403//9 401//9
f 218//3 401//3 403//3 219//3
f 217//1 221//1 404//1 400//1
f 404//9 405//9 402//9 400//9
f 221//4 222//4 405//4 404//4
f 224//1 223//1 406//1 407//1
f 406//9 408//9 409//9 407//9
f 224//3 407//3 409//3 225//3
f 223//1 227//1 410//1 406//1
f 410//9 411//9 408//9 406//9
f 227//4 228//4 411//4 410//4
f 230//5 229//5 412//5 413//5
f 412//10 414//10 415//10 413//10
f 230//7 413//7 415//7 231//7
f 229//5 233//5 416//5 412//5
f 416//10 417//10 414//10 412//10
f 233//8 234//8 417//8 416//8
f 219//2 254//2 253//2 220//2
f 402//9 418//9 419//9 403//9
f 219//3 403//3 419//3 254//3
f 420//14 421//14 241//14 238//14
f 422//18 423//18 424//18 425//18
f 238//13 237//13 426//13 422//13
f 426//18 427//18 423//18 422//18
f 237//13 243//13 428//13 426//13
f 428//18 429//18 427//18 426//18
f 243//14 245//14 430//14 431//14
f 432//18 433//18 429//18 428//18
f 226//2 262//2 266//2 228//2
f 411//9 434//9 435//9 408//9
f 228//4 266//4 434//4 411//4
f 231//6 269//6 268//6 232//6
f 414//10 436//10 437//10 415//10
f 231//7 415//7 437//7 269//7
f 438//14 439//14 252//14 249//14
f 440//18 441//18 442//18 443//18
f 249//13 248//13 444//13 440//13
f 444//18 445//18 441//18 440//18
f 256//11 255//11 446//11 447//11
f 418//9 447//9 446//9 419//9
f 254//3 419//3 446//3 255//3
f 267//11 265//11 448//11 449//11
f 434//9 449//9 448//9 435//9
f 266//4 267//4 449//4 434//4
f 271//12 270//12 450//12 451//12
f 436//10 451//10 450//10 437//10
f 269//7 437//7 450//7 270//7
f 452//14 453//14 279//14 278//14
f 452//15 454//15 455//15 453//15
f 282//14 281//14 456//14 457//14
f 457//16 456//16 458//16 459//16
f 460//14 461//14 286//14 285//14
f 460//15 462//15 463//15 461//15
f 288//1 287//1 464//1 465//1
f 464//9 466//9 467//9 465//9
f 288//3 465//3 467//3 289//3
f 296//1 300//1 468//1 469//1
f 468//9 470//9 471//9 469//9
f 300//4 301//4 470//4 468//4
f 303//5 302//5 472//5 473//5
f 472//10 474//10 475//10 473//10
f 303//7 473//7 475//7 304//7
f 289//2 324//2 323//2 290//2
f 466//9 476//9 477//9 467//9
f 289//3 467//3 477//3 324//3
f 478//14 479//14 312//14 314//14
f 313//17 312//17 480//17 481//17
f 316//17 313//17 481//17 482//17
f 317//14 316//14 483//14 484//14
f 299//2 329//2 333//2 301//2
f 470//9 485//9 486//9 471//9
f 301//4 333//4 485//4 470//4
f 304//6 336//6 335//6 305//6
f 474//10 487//10 488//10 475//10
f 304//7 475//7 488//7 336//7
f 489//14 490//14 320//14 322//14
f 321//17 320//17 491//17 492//17
f 326//11 325//11 493//11 494//11
f 476//9 494//9 493//9 477//9
f 324//3 477//3 493//3 325//3
f 328//11 326//11 494//11 495//11
f 496//9 495//9 494//9 476//9
f 327//4 328//4 495//4 496//4
f 332//11 331//11 497//11 498//11
f 486//9 498//9 497//9 499//9
f 330//3 499//3 497//3 331//3
f 334//11 332//11 498//11 500//11
f 485//9 500//9 498//9 486//9
f 333//4 334//4 500//4 485//4
f 338//12 337//12 501//12 502//12
f 487//10 502//10 501//10 488//10
f 336//7 488//7 501//7 337//7
f 340//12 338//12 502//12 503//12
f 504//10 503//10 502//10 487//10
f 339//8 340//8 503//8 504//8
f 342//1 341//1 505//1 506//1
f 505//9 507//9 508//9 506//9
f 342//3 506//3 508//3 343//3
f 341//1 345//1 509//1 505//1
f 509//9 510//9 507//9 505//9
f 345//4 346//4 510//4 509//4
f 348//1 347//1 511//1 512//1
f 511//9 513//9 514//9 512//9
f 348//3 512//3 514//3 349//3
f 347//1 351//1 515//1 511//1
f 515//9 516//9 513//9 511//9
f 351//4 352//4 516//4 515//4
f 354//5 353//5 517//5 518//5
f 517//10 519//10 520//10 518//10
f 354//7 518//7 520//7 355//7
f 353//5 357//5 521//5 517//5
f 521//10 522//10 519//10 517//10
f 357//8 358//8 522//8 521//8
f 343//2 378//2 377//2 344//2
f 507//9 523//9 524//9 508//9
f 343//3 508//3 524//3 378//3
f 525//14 526//14 365//14 362//14
f 527//18 528//18 529//18 530//18
f 362//13 361//13 531//13 527//13
f 531//18 532//18 528//18 527//18
f 361//13 367//13 533//13 531//13
f 533//18 534//18 532//18 531//18
f 367//14 369//14 535//14 536//14
f 537//18 538//18 534//18 533//18
f 350//2 386//2 390//2 352//2
f 516//9 539//9 540//9 513//9
f 352//4 390//4 539//4 516//4
f 355//6 393//6 392//6 356//6
f 519//10 541//10 542//10 520//10
f 355//7 520//7 542//7 393//7
f 543//14 544//14 376//14 373//14
f 545//18 546//18 547//18 548//18
f 373//13 372//13 549//13 545//13
f 549//18 550//18 546//18 545//18
f 380//11 379//11 551//11 552//11
f 523//9 552//9 551//9 524//9
f 378//3 524//3 551//3 379//3
f 391//11 389//11 553//11 554//11
f 539//9 554//9 553//9 540//9
f 390//4 391//4 554//4 539//4
f 395//12 394//12 555//12 556//12
f 541//10 556//10 555//10 542//10
f 393//7 542//7 555//7 394//7
f 424//13 423//13 557//13 558//13
f 424//15 558//15 559//15 454//15
f 423//13 427//13 560//13 557//13
f 427//13 429//13 561//13 560//13
f 429//13 433//13 562//13 561//13
f 433//16 459//16 563//16 562//16
f 442//13 441//13 564//13 565//13
f 442//15 565//15 566//15 462//15
f 441//13 445//13 567//13 564//13
f 454//15 559//15 568//15 455//15
f 459//16 458//16 569//16 563//16
f 462//15 566//15 570//15 463//15
f 455//15 568//15 571//15 572//15
f 458//16 573//16 574//16 569//16
f 463//15 570//15 575//15 576//15
f 480//17 577//17 578//17 579//17
f 572//15 571//15 578//15 577//15
f 481//17 480//17 579//17 580//17
f 482//17 481//17 580//17 581//17
f 582//17 482//17 581//17 583//17
f 573//16 582//16 583//16 574//16
f 491//17 584//17 585//17 586//17
f 576//15 575//15 585//15 584//15
f 492//17 491//17 586//17 587//17
f 529//13 528//13 588//13 589//13
f 529//15 589//15 590//15 591//15
f 528//13 532//13 592//13 588//13
f 532//13 534//13 593//13 592//13
f 534//13 538//13 594//13 593//13
f 538//16 595//16 596//16 594//16
f 547//13 546//13 597//13 598//13
f 547//15 598//15 599//15 600//15
f 546//13 550//13 601//13 597//13
f 602//19 603//19 604//19 605//19
f 602//20 605//20 606//20 607//20
f 603//19 608//19 609//19 604//19
f 608//19 610//19 611//19 609//19
f 610//19 612//19 613//19 611//19
f 614//21 615//21 616//21 617//21
f 614//22 618//22 619//22 615//22
f 615//21 620//21 621//21 616//21
f 615//22 619//22 622//22 620//22
f 620//21 623//21 624//21 621//21
f 620//22 622//22 625//22 623//22
f 623//21 626//21 627//21 624//21
f 623//22 625//22 628//22 626//22
f 626//21 629//21 630//21 627//21
f 626//22 628//22 631//22 629//22
f 629//21 632//21 633//21 630//21
f 629//22 631//22 634//22 632//22
f 632//21 635//21 636//21 633//21
f 632//22 634//22 637//22 635//22
f 635//21 638//21 639//21 636//21
f 635//22 637//22 640//22 638//22
f 641//19 642//19 643//19 644//19
f 642//19 645//19 646//19 643//19
f 607//20 606//20 647//20 648//20
f 618//22 649//22 650//22 619//22
f 619//22 650//22 651//22 622//22
f 622//22 651//22 652//22 625//22
f 625//22 652//22 653//22 628//22
f 628//22 653//22 654//22 631//22
f 631//22 654//22 655//22 634//22
f 634//22 655//22 656//22 637//22
f 637//22 656//22 657//22 640//22
f 648//20 647//20 658//20 659//20
f 649//22 660//22 661//22 650//22
f 650//22 661//22 662//22 651//22
f 651//22 662//22 663//22 652//22
f 652//22 663//22 664//22 653//22
f 653//22 664//22 665//22 654//22
f 654//22 665//22 666//22 655//22
f 655//22 666//22 667//22 656//22
f 656//22 667//22 668//22 657//22
f 659//20 658//20 669//20 670//20
f 660//22 671//22 672//22 661//22
f 661//22 672//22 673//22 662//22
f 662//22 673//22 674//22 663//22
f 663//22 674//22 675//22 664//22
f 664//22 675//22 676//22 665//22
f 665//22 676//22 677//22 666//22
f 666//22 677//22 678//22 667//22
f 667//22 678//22 679//22 668//22
f 680//22 681//22 682//22 683//22
f 680//23 684//23 685//23 681//23
f 683//22 682//22 686//22 687//22
f 687//22 686//22 688//22 689//22
f 689//22 688//22 690//22 671//22
f 671//22 690//22 691//22 672//22
f 672//22 691//22 692//22 673//22
f 673//22 692//22 693//22 674//22
f 674//22 693//22 694//22 675//22
f 675//22 694//22 695//22 676//22
f 676//22 695//22 696//22 677//22
f 677//22 696//22 697//22 678//22
f 678//22 697//22 698//22 679//22
f 679//22 698//22 699//22 700//22
f 700//22 699//22 701//22 702//22
f 681//22 703//22 704//22 682//22
f 681//23 685//23 705//23 703//23
f 682//22 704//22 706//22 686//22
f 686//22 706//22 707//22 688//22
f 688//22 707//22 708//22 690//22
f 690//22 708//22 709//22 691//22
f 691//22 709//22 710//22 692//22
f 692//22 710//22 711//22 693//22
f 693//22 711//22 712//22 694//22
f 694//22 712//22 713//22 695//22
f 695//22 713//22 714//22 696//22
f 696//22 714//22 715//22 697//22
f 697//22 715//22 716//22 698//22
f 698//22 716//22 717//22 699//22
f 699//22 717//22 718//22 701//22
f 703//22 719//22 720//22 704//22
f 703//23 705//23 721//23 719//23
f 704//22 720//22 722//22 706//22
f 706//22 722//22 723//22 707//22
f 707//22 723//22 724//22 708//22
f 708//22 724//22 725//22 709//22
f 709//22 725//22 726//22 710//22
f 710//22 726//22 727//22 711//22
f 711//22 727//22 728//22 712//22
f 712//22 728//22 729//22 713//22
f 713//22 729//22 730//22 714//22
f 714//22 730//22 731//22 715//22
f 715//22 731//22 732//22 716//22
f 716//22 732//22 733//22 717//22
f 717//22 733//22 734//22 718//22
f 719//22 735//22 736//22 720//22
f 719//23 721//23 737//23 735//23
f 720//22 736//22 738//22 722//22
f 722//22 738//22 739//22 723//22
f 723//22 739//22 740//22 724//22
f 724//22 740//22 741//22 725//22
f 725//22 741//22 742//22 726//22
f 726//22 742//22 743//22 727//22
f 727//22 743//22 744//22 728//22
f 728//22 744//22 745//22 729//22
f 729//22 745//22 746//22 730//22
f 730//22 746//22 747//22 731//22
f 731//22 747//22 748//22 732//22
f 732//22 748//22 749//22 733//22
f 733//22 749//22 750//22 734//22
f 735//22 751//22 752//22 736//22
f 735//23 737//23 753//23 751//23
f 736//22 752//22 754//22 738//22
f 738//22 754//22 755//22 739//22
f 739//22 755//22 756//22 740//22
f 740//22 756//22 757//22 741//22
f 741//22 757//22 758//22 742//22
f 742//22 758//22 759//22 743//22
f 743//22 759//22 760//22 744//22
f 744//22 760//22 761//22 745//22
f 745//22 761//22 762//22 746//22
f 746//22 762//22 763//22 747//22
f 747//22 763//22 764//22 748//22
f 748//22 764//22 765//22 749//22
f 749//22 765//22 766//22 750//22
f 751//22 767//22 768//22 752//22
f 751//23 753//23 769//23 767//23
f 752//22 768//22 770//22 754//22
f 754//22 770//22 771//22 755//22
f 755//22 771//22 772//22 756//22
f 756//22 772//22 773//22 757//22
f 757//22 773//22 774//22 758//22
f 758//22 774//22 775//22 759//22
f 759//22 775//22 776//22 760//22
f 760//22 776//22 777//22 761//22
f 761//22 777//22 778//22 762//22
f 762//22 778//22 779//22 763//22
f 763//22 779//22 780//22 764//22
f 764//22 780//22 781//22 765//22
f 765//22 781//22 782//22 766//22
f 767//22 783//22 784//22 768//22
f 767//23 769//23 785//23 783//23
f 768//22 784//22 786//22 770//22
f 770//22 786//22 787//22 771//22
f 771//22 787//22 788//22 772//22
f 772//22 788//22 789//22 773//22
f 773//22 789//22 790//22 774//22
f 774//22 790//22 791//22 775//22
f 775//22 791//22 792//22 776//22
f 776//22 792//22 793//22 777//22
f 777//22 793//22 794//22 778//22
f 778//22 794//22 795//22 779//22
f 779//22 795//22 796//22 780//22
f 780//22 796//22 797//22 781//22
f 781//22 797//22 798//22 782//22
f 783//22 799//22 800//22 784//22
f 783//23 785//23 801//23 799//23
f 784//22 800//22 802//22 786//22
f 786//22 802//22 803//22 787//22
f 787//22 803//22 804//22 788//22
f 788//22 804//22 805//22 789//22
f 789//22 805//22 806//22 790//22
f 790//22 806//22 807//22 791//22
f 791//22 807//22 808//22 792//22
f 792//22 808//22 809//22 793//22
f 793//22 809//22 810//22 794//22
f 794//22 810//22 811//22 795//22
f 795//22 811//22 812//22 796//22
f 796//22 812//22 813//22 797//22
f 797//22 813//22 814//22 798//22
f 815//20 816//20 817//20 818//20
f 804//22 819//22 820//22 805//22
f 805//22 820//22 821//22 806//22
f 806//22 821//22 822//22 807//22
f 807//22 822//22 823//22 808//22
f 808//22 823//22 824//22 809//22
f 809//22 824//22 825//22 810//22
f 810//22 825//22 826//22 811//22
f 811//22 826//22 827//22 812//22
f 605//19 604//19 828//19 829//19
f 605//20 829//20 830//20 606//20
f 604//19 609//19 831//19 828//19
f 609//19 611//19 832//19 831//19
f 611//19 613//19 833//19 832//19
f 617//21 616//21 834//21 835//21
f 616//21 621//21 836//21 834//21
f 621//21 624//21 837//21 836//21
f 624//21 627//21 838//21 837//21
f 627//21 630//21 839//21 838//21
f 630//21 633//21 840//21 839//21
f 633//21 636//21 841//21 840//21
f 636//21 639//21 842//21 841//21
f 644//19 643//19 843//19 844//19
f 643//19 646//19 845//19 843//19
f 606//20 830//20 846//20 647//20
f 647//20 846//20 847//20 658//20
f 658//20 847//20 848//20 669//20
f 669//20 848//20 849//20 850//20
f 850//20 849//20 851//20 852//20
f 852//20 851//20 853//20 854//20
f 854//20 853//20 855//20 856//20
f 856//20 855//20 857//20 858//20
f 858//20 857//20 859//20 860//20
f 860//20 859//20 861//20 862//20
f 862//20 861//20 863//20 816//20
f 816//20 863//20 864//20 817//20
f 829//19 828//19 865//19 866//19
f 829//20 866//20 867//20 830//20
f 828//19 831//19 868//19 865//19
f 831//19 832//19 869//19 868//19
f 832//19 833//19 870//19 869//19
f 833//19 871//19 872//19 870//19
f 871//19 873//19 874//19 872//19
f 873//19 875//19 876//19 874//19
f 875//19 877//19 878//19 876//19
f 877//19 879//19 880//19 878//19
f 879//19 881//19 882//19 880//19
f 881//19 883//19 884//19 882//19
f 883//19 844//19 885//19 884//19
f 844//19 843//19 886//19 885//19
f 843//19 845//19 887//19 886//19
f 830//20 867//20 888//20 846//20
f 846//20 888//20 889//20 847//20
f 847//20 889//20 890//20 848//20
f 848//20 890//20 891//20 849//20
f 849//20 891//20 892//20 851//20
f 851//20 892//20 893//20 853//20
f 853//20 893//20 894//20 855//20
f 855//20 894//20 895//20 857//20
f 857//20 895//20 896//20 859//20
f 859//20 896//20 897//20 861//20
f 861//20 897//20 898//20 863//20
f 863//20 898//20 899//20 864//20
f 866//19 865//19 900//19 901//19
f 866//20 901//20 902//20 867//20
f 865//19 868//19 903//19 900//19
f 868//19 869//19 904//19 903//19
f 869//19 870//19 905//19 904//19
f 870//19 872//19 906//19 905//19
f 872//19 874//19 907//19 906//19
f 874//19 876//19 908//19 907//19
f 876//19 878//19 909//19 908//19
f 878//19 880//19 910//19 909//19
f 880//19 882//19 911//19 910//19
f 882//19 884//19 912//19 911//19
f 884//19 885//19 913//19 912//19
f 885//19 886//19 914//19 913//19
f 886//19 887//19 915//19 914//19
f 867//20 902//20 916//20 888//20
f 888//20 916//20 917//20 889//20
f 889//20 917//20 918//20 890//20
f 890//20 918//20 919//20 891//20
f 891//20 919//20 920//20 892//20
f 892//20 920//20 921//20 893//20
f 893//20 921//20 922//20 894//20
f 894//20 922//20 923//20 895//20
f 895//20 923//20 924//20 896//20
f 896//20 924//20 925//20 897//20
f 897//20 925//20 926//20 898//20
f 898//20 926//20 927//20 899//20
f 928//24 929//24 930//24 931//24
f 928//25 932//25 933//25 929//25
f 928//26 931//26 934//26 932//26
f 929//24 935//24 936//24 930//24
f 929//25 933//25 937//25 935//25
f 935//24 938//24 939//24 936//24
f 935//25 937//25 940//25 938//25
f 938//27 940//27 941//27 939//27
f 942//24 943//24 944//24 945//24
f 942//25 946//25 947//25 943//25
f 942//26 945//26 948//26 946//26
f 943//24 949//24 950//24 944//24
f 943//25 947//25 951//25 949//25
f 949//24 952//24 953//24 950//24
f 949//25 951//25 954//25 952//25
f 952//27 954//27 955//27 953//27
f 956//28 957//28 958//28 959//28
f 960//29 961//29 962//29 963//29
f 956//30 961//30 960//30 957//30
f 958//31 963//31 962//31 959//31
f 956//32 959//32 962//32 961//32
f 957//28 964//28 965//28 958//28
f 966//29 960//29 963//29 967//29
f 957//30 960//30 966//30 964//30
f 965//31 967//31 963//31 958//31
f 901//19 900//19 968//19 969//19
f 900//19 903//19 970//19 968//19
f 903//19 904//19 971//19 970//19
f 904//19 905//19 972//19 971//19
f 908//19 909//19 973//19 974//19
f 909//19 910//19 975//19 973//19
f 913//19 914//19 976//19 977//19
f 914//19 915//19 978//19 976//19
f 902//20 979//20 980//20 916//20
f 916//20 980//20 981//20 917//20
f 917//20 981//20 982//20 918//20
f 918//20 982//20 983//20 919//20
f 919//20 983//20 984//20 920//20
f 920//20 984//20 985//20 921//20
f 921//20 985//20 986//20 922//20
f 922//20 986//20 987//20 923//20
f 923//20 987//20 988//20 924//20
f 924//20 988//20 989//20 925//20
f 925//20 989//20 990//20 926//20
f 926//20 990//20 991//20 927//20
f 931//24 930//24 992//24 993//24
f 931//26 993//26 994//26 934//26
f 930//24 936//24 995//24 992//24
f 936//24 939//24 996//24 995//24
f 939//24 997//24 998//24 996//24
f 939//25 941//25 999//25 997//25
f 997//24 945//24 1000//24 998//24
f 997//25 999//25 948//25 945//25
f 945//24 944//24 1001//24 1000//24
f 944//24 950//24 1002//24 1001//24
f 950//24 953//24 1003//24 1002//24
f 953//27 955//27 1004//27 1003//27
f 969//19 968//19 1005//19 1006//19
f 969//20 1006//20 1007//20 979//20
f 968//19 970//19 1008//19 1005//19
f 970//19 971//19 1009//19 1008//19
f 971//19 972//19 1010//19 1009//19
f 977//19 976//19 1011//19 1012//19
f 976//19 978//19 1013//19 1011//19
f 979//20 1007//20 1014//20 980//20
f 980//20 1014//20 1015//20 981//20
f 981//20 1015//20 1016//20 982//20
f 982//20 1016//20 1017//20 983//20
f 983//20 1017//20 1018//20 984//20
f 984//20 1018//20 1019//20 985//20
f 985//20 1019//20 1020//20 986//20
f 986//20 1020//20 1021//20 987//20
f 987//20 1021//20 1022//20 988//20
f 988//20 1022//20 1023//20 989//20
f 989//20 1023//20 1024//20 990//20
f 990//20 1024//20 1025//20 991//20
f 993//24 992//24 1026//24 1027//24
f 1026//33 1028//33 1029//33 1027//33
f 993//26 1027//26 1029//26 994//26
f 992//24 995//24 1030//24 1026//24
f 1030//33 1031//33 1028//33 1026//33
f 995//24 996//24 1032//24 1030//24
f 1032//33 1033//33 1031//33 1030//33
f 1034//1 1035//1 1036//1 1037//1
f 1036//9 1038//9 1039//9 1037//9
f 1035//1 1040//1 1041//1 1036//1
f 1041//9 1042//9 1038//9 1036//9
f 1000//24 1001//24 1043//24 1044//24
f 1043//33 1045//33 1046//33 1044//33
f 1001//24 1002//24 1047//24 1043//24
f 1047//33 1048//33 1045//33 1043//33
f 1002//24 1003//24 1049//24 1047//24
f 1049//33 1050//33 1048//33 1047//33
f 1003//27 1004//27 1050//27 1049//27
f 1051//28 1052//28 1053//28 1054//28
f 1055//29 1056//29 1057//29 1058//29
f 1051//30 1056//30 1055//30 1052//30
f 1053//31 1058//31 1057//31 1054//31
f 1051//32 1054//32 1057//32 1056//32
f 1052//28 1059//28 1060//28 1053//28
f 1061//29 1055//29 1058//29 1062//29
f 1052//30 1055//30 1061//30 1059//30
f 1060//31 1062//31 1058//31 1053//31
f 1006//19 1005//19 1063//19 1064//19
f 1005//19 1008//19 1065//19 1063//19
f 1008//19 1009//19 1066//19 1065//19
f 1009//19 1010//19 1067//19 1066//19
f 1012//19 1011//19 1068//19 1069//19
f 1011//19 1013//19 1070//19 1068//19
f 1007//20 1071//20 1072//20 1014//20
f 1014//20 1072//20 1073//20 1015//20
f 1015//20 1073//20 1074//20 1016//20
f 1016//20 1074//20 1075//20 1017//20
f 1017//20 1075//20 1076//20 1018//20
f 1018//20 1076//20 1077//20 1019//20
f 1019//20 1077//20 1078//20 1020//20
f 1020//20 1078//20 1079//20 1021//20
f 1021//20 1079//20 1080//20 1022//20
f 1022//20 1080//20 1081//20 1023//20
f 1023//20 1081//20 1082//20 1024//20
f 1024//20 1082//20 1083//20 1025//20
f 1064//19 1063//19 1084//19 1085//19
f 1064//20 1085//20 1086//20 1071//20
f 1063//19 1065//19 1087//19 1084//19
f 1088//34 1089//34 1090//34 1091//34
f 1089//34 1092//34 1093//34 1090//34
f 1092//34 1094//34 1095//34 1093//34
f 1094//34 1096//34 1097//34 1095//34
f 1098//19 1099//19 1100//19 1101//19
f 1099//19 1102//19 1103//19 1100//19
f 1102//19 1104//19 1105//19 1103//19
f 1104//19 1106//19 1107//19 1105//19
f 1108//34 1109//34 1110//34 1111//34
f 1109//34 1112//34 1113//34 1110//34
f 1112//34 1114//34 1115//34 1113//34
f 1114//34 1116//34 1117//34 1115//34
f 1071//20 1086//20 1118//20 1072//20
f 1072//20 1118//20 1119//20 1073//20
f 1073//20 1119//20 1120//20 1074//20
f 1074//20 1120//20 1121//20 1075//20
f 1075//20 1121//20 1122//20 1076//20
f 1076//20 1122//20 1123//20 1077//20
f 1077//20 1123//20 1124//20 1078//20
f 1078//20 1124//20 1125//20 1079//20
f 1079//20 1125//20 1126//20 1080//20
f 1080//20 1126//20 1127//20 1081//20
f 1081//20 1127//20 1128//20 1082//20
f 1082//20 1128//20 1129//20 1083//20
f 1085//19 1084//19 1130//19 1131//19
f 1085//20 1131//20 1132//20 1086//20
f 1084//19 1087//19 1133//19 1130//19
f 1091//34 1090//34 1134//34 1135//34
f 1136//35 1137//35 1138//35 1139//35
f 1137//35 1140//35 1141//35 1138//35
f 1140//35 1142//35 1143//35 1141//35
f 1101//19 1100//19 1144//19 1145//19
f 1100//19 1103//19 1146//19 1144//19
f 1103//19 1105//19 1147//19 1146//19
f 1105//19 1107//19 1148//19 1147//19
f 1111//34 1110//34 1149//34 1150//34
f 1151//35 1152//35 1153//35 1154//35
f 1152//35 1155//35 1156//35 1153//35
f 1155//35 1157//35 1158//35 1156//35
f 1086//20 1132//20 1159//20 1118//20
f 1118//20 1159//20 1160//20 1119//20
f 1119//20 1160//20 1161//20 1120//20
f 1120//20 1161//20 1162//20 1121//20
f 1121//20 1162//20 1163//20 1122//20
f 1122//20 1163//20 1164//20 1123//20
f 1123//20 1164//20 1165//20 1124//20
f 1124//20 1165//20 1166//20 1125//20
f 1125//20 1166//20 1167//20 1126//20
f 1126//20 1167//20 1168//20 1127//20
f 1127//20 1168//20 1169//20 1128//20
f 1128//20 1169//20 1170//20 1129//20
f 1131//19 1130//19 1171//19 1172//19
f 1131//20 1172//20 1173//20 1132//20
f 1130//19 1133//19 1174//19 1171//19
f 1135//34 1134//34 1175//34 1176//34
f 1139//35 1138//35 1177//35 1178//35
f 1138//35 1141//35 1179//35 1177//35
f 1141//35 1143//35 1180//35 1179//35
f 1145//19 1144//19 1181//19 1182//19
f 1144//19 1146//19 1183//19 1181//19
f 1146//19 1147//19 1184//19 1183//19
f 1147//19 1148//19 1185//19 1184//19
f 1150//34 1149//34 1186//34 1187//34
f 1154//35 1153//35 1188//35 1189//35
f 1153//35 1156//35 1190//35 1188//35
f 1156//35 1158//35 1191//35 1190//35
f 1132//20 1173//20 1192//20 1159//20
f 1159//20 1192//20 1193//20 1160//20
f 1160//20 1193//20 1194//20 1161//20
f 1161//20 1194//20 1195//20 1162//20
f 1162//20 1195//20 1196//20 1163//20
f 1163//20 1196//20 1197//20 1164//20
f 1164//20 1197//20 1198//20 1165//20
f 1165//20 1198//20 1199//20 1166//20
f 1166//20 1199//20 1200//20 1167//20
f 1167//20 1200//20 1201//20 1168//20
f 1168//20 1201//20 1202//20 1169//20
f 1169//20 1202//20 1203//20 1170//20
f 1172//19 1171//19 1204//19 1205//19
f 1172//20 1205//20 1206//20 1173//20
f 1171//19 1174//19 1207//19 1204//19
f 1176//34 1175//34 1208//34 1209//34
f 1178//35 1177//35 1210//35 1211//35
f 1177//35 1179//35 1212//35 1210//35
f 1213//24 1214//24 1215//24 1216//24
f 1182//19 1181//19 1217//19 1218//19
f 1181//19 1183//19 1219//19 1217//19
f 1183//19 1184//19 1220//19 1219//19
f 1184//19 1185//19 1221//19 1220//19
f 1187//34 1186//34 1222//34 1223//34
f 1189//35 1188//35 1224//35 1225//35
f 1188//35 1190//35 1226//35 1224//35
f 1227//24 1228//24 1229//24 1230//24
f 1173//20 1206//20 1231//20 1192//20
f 1192//20 1231//20 1232//20 1193//20
f 1193//20 1232//20 1233//20 1194//20
f 1194//20 1233//20 1234//20 1195//20
f 1195//20 1234//20 1235//20 1196//20
f 1196//20 1235//20 1236//20 1197//20
f 1197//20 1236//20 1237//20 1198//20
f 1198//20 1237//20 1238//20 1199//20
f 1199//20 1238//20 1239//20 1200//20
f 1200//20 1239//20 1240//20 1201//20
f 1201//20 1240//20 1241//20 1202//20
f 1202//20 1241//20 1242//20 1203//20
f 1205//19 1204//19 1243//19 1244//19
f 1205//20 1244//20 1245//20 1206//20
f 1204//19 1207//19 1246//19 1243//19
f 1207//19 1247//19 1248//19 1246//19
f 1247//19 1249//19 1250//19 1248//19
f 1249//19 1251//19 1252//19 1250//19
f 1251//19 1218//19 1253//19 1252//19
f 1218//19 1217//19 1254//19 1253//19
f 1217//19 1219//19 1255//19 1254//19
f 1219//19 1220//19 1256//19 1255//19
f 1220//19 1221//19 1257//19 1256//19
f 1221//19 1258//19 1259//19 1257//19
f 1258//19 1260//19 1261//19 1259//19
f 1260//19 1262//19 1263//19 1261//19
f 1262//19 1264//19 1265//19 1263//19
f 1206//20 1245//20 1266//20 1231//20
f 1231//20 1266//20 1267//20 1232//20
f 1232//20 1267//20 1268//20 1233//20
f 1233//20 1268//20 1269//20 1234//20
f 1234//20 1269//20 1270//20 1235//20
f 1235//20 1270//20 1271//20 1236//20
f 1236//20 1271//20 1272//20 1237//20
f 1237//20 1272//20 1273//20 1238//20
f 1238//20 1273//20 1274//20 1239//20
f 1239//20 1274//20 1275//20 1240//20
f 1240//20 1275//20 1276//20 1241//20
f 1241//20 1276//20 1277//20 1242//20
f 1278//5 1279//5 1280//5 1281//5
f 1278//6 1282//6 1283//6 1279//6
f 1278//7 1281//7 1284//7 1282//7
f 1279//5 1285//5 1286//5 1280//5
f 1279//6 1283//6 1287//6 1285//6
f 1285//8 1287//8 1288//8 1286//8
f 1282//6 1289//6 1290//6 1283//6
f 1291//10 1292//10 1293//10 1284//10
f 1282//7 1284//7 1293//7 1289//7
f 1283//6 1290//6 1294//6 1287//6
f 1288//10 1295//10 1292//10 1291//10
f 1287//8 1294//8 1295//8 1288//8
f 1296//12 1297//12 1298//12 1299//12
f 1289//6 1297//6 1296//6 1290//6
f 1289//7 1293//7 1298//7 1297//7
f 1300//12 1296//12 1299//12 1301//12
f 1290//6 1296//6 1300//6 1294//6
f 1294//8 1300//8 1301//8 1295//8
f 1302//5 1303//5 1304//5 1305//5
f 1302//6 1306//6 1307//6 1303//6
f 1302//7 1305//7 1308//7 1306//7
f 1303//5 1309//5 1310//5 1304//5
f 1303//6 1307//6 1311//6 1309//6
f 1309//8 1311//8 1312//8 1310//8
f 1306//6 1313//6 1314//6 1307//6
f 1315//10 1316//10 1317//10 1308//10
f 1306//7 1308//7 1317//7 1313//7
f 1307//6 1314//6 1318//6 1311//6
f 1312//10 1319//10 1316//10 1315//10
f 1311//8 1318//8 1319//8 1312//8
f 1320//12 1321//12 1322//12 1323//12
f 1313//6 1321//6 1320//6 1314//6
f 1313//7 1317//7 1322//7 1321//7
f 1324//12 1320//12 1323//12 1325//12
f 1314//6 1320//6 1324//6 1318//6
f 1318//8 1324//8 1325//8 1319//8
f 1326//5 1327//5 1328//5 1329//5
f 1326//6 1330//6 1331//6 1327//6
f 1326//7 1329//7 1332//7 1330//7
f 1327//5 1333//5 1334//5 1328//5
f 1327//6 1331//6 1335//6 1333//6
f 1333//8 1335//8 1336//8 1334//8
f 1330//6 1337//6 1338//6 1331//6
f 1339//10 1340//10 1341//10 1332//10
f 1330//7 1332//7 1341//7 1337//7
f 1331//6 1338//6 1342//6 1335//6
f 1336//10 1343//10 1340//10 1339//10
f 1335//8 1342//8 1343//8 1336//8
f 1344//12 1345//12 1346//12 1347//12
f 1337//6 1345//6 1344//6 1338//6
f 1337//7 1341//7 1346//7 1345//7
f 1348//12 1344//12 1347//12 1349//12
f 1338//6 1344//6 1348//6 1342//6
f 1342//8 1348//8 1349//8 1343//8
f 1281//5 1280//5 1350//5 1351//5
f 1291//12 1284//12 1352//12 1353//12
f 1281//7 1351//7 1352//7 1284//7
f 1280//5 1286//5 1354//5 1350//5
f 1288//12 1291//12 1353//12 1355//12
f 1286//8 1288//8 1355//8 1354//8
f 1356//13 1357//13 1358//13 1359//13
f 1356//14 1360//14 1361//14 1357//14
f 1357//16 1361//16 1362//16 1358//16
f 1360//14 1363//14 1364//14 1361//14
f 1293//5 1292//5 1365//5 1366//5
f 1299//12 1298//12 1367//12 1368//12
f 1292//5 1295//5 1369//5 1365//5
f 1301//12 1299//12 1368//12 1370//12
f 1295//8 1301//8 1370//8 1369//8
f 1363//14 1371//14 1372//14 1364//14
f 1364//16 1372//16 1373//16 1374//16
f 1371//14 1375//14 1376//14 1372//14
f 1305//5 1304//5 1377//5 1378//5
f 1315//12 1308//12 1379//12 1380//12
f 1304//5 1310//5 1381//5 1377//5
f 1312//12 1315//12 1380//12 1382//12
f 1310//8 1312//8 1382//8 1381//8
f 1383//17 1384//17 1385//17 1386//17
f 1375//14 1384//14 1383//14 1376//14
f 1376//16 1383//16 1386//16 1387//16
f 1317//5 1316//5 1388//5 1389//5
f 1323//12 1322//12 1390//12 1391//12
f 1317//7 1389//7 1390//7 1322//7
f 1316//5 1319//5 1392//5 1388//5
f 1325//12 1323//12 1391//12 1393//12
f 1319//8 1325//8 1393//8 1392//8
f 1329//5 1328//5 1394//5 1395//5
f 1339//12 1332//12 1396//12 1397//12
f 1329//7 1395//7 1396//7 1332//7
f 1328//5 1334//5 1398//5 1394//5
f 1336//12 1339//12 1397//12 1399//12
f 1334//8 1336//8 1399//8 1398//8
f 1400//13 1401//13 1402//13 1403//13
f 1400//14 1404//14 1405//14 1401//14
f 1401//16 1405//16 1406//16 1402//16
f 1404//14 399//14 1407//14 1405//14
f 1341//5 1340//5 1408//5 1409//5
f 1347//12 1346//12 1410//12 1411//12
f 1340//5 1343//5 1412//5 1408//5
f 1349//12 1347//12 1411//12 1413//12
f 1343//8 1349//8 1413//8 1412//8
f 1351//5 1350//5 1414//5 1415//5
f 1414//10 1416//10 1417//10 1415//10
f 1351//7 1415//7 1417//7 1352//7
f 1350//5 1354//5 1418//5 1414//5
f 1418//10 1419//10 1416//10 1414//10
f 1354//8 1355//8 1419//8 1418//8
f 1359//13 1358//13 1420//13 444//13
f 1420//18 1421//18 445//18 444//18
f 1358//14 1362//14 1422//14 1423//14
f 1424//18 1425//18 1421//18 1420//18
f 1353//6 1365//6 1369//6 1355//6
f 1419//10 1426//10 1427//10 1416//10
f 1355//8 1369//8 1426//8 1419//8
f 1370//12 1368//12 1428//12 1429//12
f 1426//10 1429//10 1428//10 1427//10
f 1369//8 1370//8 1429//8 1426//8
f 1374//14 1373//14 1430//14 1431//14
f 1431//16 1430//16 1432//16 1433//16
f 1377//5 1381//5 1434//5 1435//5
f 1434//10 1436//10 1437//10 1435//10
f 1381//8 1382//8 1436//8 1434//8
f 1386//17 1385//17 492//17 1438//17
f 1387//14 1386//14 1439//14 1440//14
f 1380//6 1388//6 1392//6 1382//6
f 1436//10 1441//10 1442//10 1437//10
f 1382//8 1392//8 1441//8 1436//8
f 1391//12 1390//12 1443//12 1444//12
f 1442//10 1444//10 1443//10 1445//10
f 1389//7 1445//7 1443//7 1390//7
f 1393//12 1391//12 1444//12 1446//12
f 1441//10 1446//10 1444//10 1442//10
f 1392//8 1393//8 1446//8 1441//8
f 1395//5 1394//5 1447//5 1448//5
f 1447//10 1449//10 1450//10 1448//10
f 1395//7 1448//7 1450//7 1396//7
f 1394//5 1398//5 1451//5 1447//5
f 1451//10 1452//10 1449//10 1447//10
f 1398//8 1399//8 1452//8 1451//8
f 1403//13 1402//13 1453//13 549//13
f 1453//18 1454//18 550//18 549//18
f 1402//14 1406//14 1455//14 1456//14
f 1457//18 1458//18 1454//18 1453//18
f 1397//6 1408//6 1412//6 1399//6
f 1452//10 1459//10 1460//10 1449//10
f 1399//8 1412//8 1459//8 1452//8
f 1413//12 1411//12 1461//12 1462//12
f 1459//10 1462//10 1461//10 1460//10
f 1412//8 1413//8 1462//8 1459//8
f 445//13 1421//13 1463//13 567//13
f 1421//13 1425//13 1464//13 1463//13
f 1425//16 1433//16 1465//16 1464//16
f 1433//16 1432//16 1466//16 1465//16
f 1432//16 1467//16 1468//16 1466//16
f 1438//17 492//17 587//17 1469//17
f 1470//17 1438//17 1469//17 1471//17
f 1467//16 1470//16 1471//16 1468//16
f 550//13 1454//13 1472//13 601//13
f 1454//13 1458//13 1473//13 1472//13
f 1458//16 1474//16 1475//16 1473//16
f 645//19 1476//19 1477//19 646//19
f 1476//19 1478//19 1479//19 1477//19
f 1478//36 1480//36 1481//36 1479//36
f 1480//36 1482//36 1483//36 1481//36
f 1482//36 1484//36 1485//36 1483//36
f 1484//36 1486//36 1487//36 1485//36
f 702//22 701//22 1488//22 1489//22
f 1489//22 1488//22 1490//22 1491//22
f 1491//37 1490//37 1492//37 1493//37
f 701//22 718//22 1494//22 1488//22
f 1488//22 1494//22 1495//22 1490//22
f 1490//37 1495//37 1496//37 1492//37
f 718//22 734//22 1497//22 1494//22
f 1494//22 1497//22 1498//22 1495//22
f 1495//37 1498//37 1499//37 1496//37
f 734//22 750//22 1500//22 1497//22
f 1497//22 1500//22 1501//22 1498//22
f 1498//37 1501//37 1502//37 1499//37
f 750//22 766//22 1503//22 1500//22
f 1500//22 1503//22 1504//22 1501//22
f 1501//37 1504//37 1505//37 1502//37
f 766//22 782//22 1506//22 1503//22
f 1503//22 1506//22 1507//22 1504//22
f 1504//37 1507//37 1508//37 1505//37
f 782//22 798//22 1509//22 1506//22
f 1506//22 1509//22 1510//22 1507//22
f 1507//37 1510//37 1511//37 1508//37
f 798//22 814//22 1512//22 1509//22
f 1509//22 1512//22 1513//22 1510//22
f 1510//37 1513//37 1514//37 1511//37
f 1515//36 1516//36 1517//36 1518//36
f 646//19 1477//19 1519//19 845//19
f 1477//19 1479//19 1520//19 1519//19
f 1479//36 1481//36 1521//36 1520//36
f 1481//36 1483//36 1522//36 1521//36
f 1483//36 1485//36 1523//36 1522//36
f 1485//36 1487//36 1524//36 1523//36
f 1487//36 1525//36 1526//36 1524//36
f 1525//36 1527//36 1528//36 1526//36
f 1527//36 1529//36 1530//36 1528//36
f 1529//36 1531//36 1532//36 1530//36
f 1531//36 1533//36 1534//36 1532//36
f 1533//36 1535//36 1536//36 1534//36
f 1535//36 1537//36 1538//36 1536//36
f 1537//36 1518//36 1539//36 1538//36
f 1518//36 1517//36 1540//36 1539//36
f 845//19 1519//19 1541//19 887//19
f 1519//19 1520//19 1542//19 1541//19
f 1520//36 1521//36 1543//36 1542//36
f 1521//36 1522//36 1544//36 1543//36
f 1522//36 1523//36 1545//36 1544//36
f 1523//36 1524//36 1546//36 1545//36
f 1524//36 1526//36 1547//36 1546//36
f 1526//36 1528//36 1548//36 1547//36
f 1528//36 1530//36 1549//36 1548//36
f 1530//36 1532//36 1550//36 1549//36
f 1532//36 1534//36 1551//36 1550//36
f 1534//36 1536//36 1552//36 1551//36
f 1536//36 1538//36 1553//36 1552//36
f 1538//36 1539//36 1554//36 1553//36
f 1539//36 1540//36 1555//36 1554//36
f 887//19 1541//19 1556//19 915//19
f 1541//19 1542//19 1557//19 1556//19
f 1542//36 1543//36 1558//36 1557//36
f 1543//36 1544//36 1559//36 1558//36
f 1544//36 1545//36 1560//36 1559//36
f 1545//36 1546//36 1561//36 1560//36
f 1546//36 1547//36 1562//36 1561//36
f 1547//36 1548//36 1563//36 1562//36
f 1548//36 1549//36 1564//36 1563//36
f 1549//36 1550//36 1565//36 1564//36
f 1550//36 1551//36 1566//36 1565//36
f 1551//36 1552//36 1567//36 1566//36
f 1552//36 1553//36 1568//36 1567//36
f 1553//36 1554//36 1569//36 1568//36
f 1554//36 1555//36 1570//36 1569//36
f 915//19 1556//19 1571//19 978//19
f 1556//19 1557//19 1572//19 1571//19
f 1573//28 1574//28 1575//28 1576//28
f 1577//29 1578//29 1579//29 1580//29
f 1573//30 1578//30 1577//30 1574//30
f 1575//31 1580//31 1579//31 1576//31
f 1574//28 1581//28 1582//28 1575//28
f 1583//29 1577//29 1580//29 1584//29
f 1574//30 1577//30 1583//30 1581//30
f 1582//31 1584//31 1580//31 1575//31
f 1581//38 1583//38 1584//38 1582//38
f 1558//36 1559//36 1585//36 1586//36
f 1559//36 1560//36 1587//36 1585//36
f 1560//36 1561//36 1588//36 1587//36
f 1561//36 1562//36 1589//36 1588//36
f 1562//36 1563//36 1590//36 1589//36
f 1563//36 1564//36 1591//36 1590//36
f 1564//36 1565//36 1592//36 1591//36
f 1565//36 1566//36 1593//36 1592//36
f 1566//36 1567//36 1594//36 1593//36
f 1567//36 1568//36 1595//36 1594//36
f 1568//36 1569//36 1596//36 1595//36
f 1569//36 1570//36 1597//36 1596//36
f 978//19 1571//19 1598//19 1013//19
f 1571//19 1572//19 1599//19 1598//19
f 1572//36 1586//36 1600//36 1599//36
f 1586//36 1585//36 1601//36 1600//36
f 1585//36 1587//36 1602//36 1601//36
f 1587//36 1588//36 1603//36 1602//36
f 1588//36 1589//36 1604//36 1603//36
f 1589//36 1590//36 1605//36 1604//36
f 1590//36 1591//36 1606//36 1605//36
f 1591//36 1592//36 1607//36 1606//36
f 1592//36 1593//36 1608//36 1607//36
f 1593//36 1594//36 1609//36 1608//36
f 1594//36 1595//36 1610//36 1609//36
f 1595//36 1596//36 1611//36 1610//36
f 1596//36 1597//36 1612//36 1611//36
f 1013//19 1598//19 1613//19 1070//19
f 1598//19 1599//19 1614//19 1613//19
f 1615//28 1616//28 1617//28 1618//28
f 1619//29 1620//29 1621//29 1622//29
f 1615//30 1620//30 1619//30 1616//30
f 1617//31 1622//31 1621//31 1618//31
f 1616//28 1623//28 1624//28 1617//28
f 1625//29 1619//29 1622//29 1626//29
f 1616//30 1619//30 1625//30 1623//30
f 1624//31 1626//31 1622//31 1617//31
f 1623//38 1625//38 1626//38 1624//38
f 1600//36 1601//36 1627//36 1628//36
f 1601//36 1602//36 1629//36 1627//36
f 1602//36 1603//36 1630//36 1629//36
f 1603//36 1604//36 1631//36 1630//36
f 1604//36 1605//36 1632//36 1631//36
f 1605//36 1606//36 1633//36 1632//36
f 1606//36 1607//36 1634//36 1633//36
f 1607//36 1608//36 1635//36 1634//36
f 1608//36 1609//36 1636//36 1635//36
f 1609//36 1610//36 1637//36 1636//36
f 1610//36 1611//36 1638//36 1637//36
f 1611//36 1612//36 1639//36 1638//36
f 1070//19 1613//19 1640//19 1641//19
f 1613//19 1614//19 1642//19 1640//19
f 1614//36 1628//36 1643//36 1642//36
f 1628//36 1627//36 1644//36 1643//36
f 1627//36 1629//36 1645//36 1644//36
f 1629//36 1630//36 1646//36 1645//36
f 1630//36 1631//36 1647//36 1646//36
f 1631//36 1632//36 1648//36 1647//36
f 1632//36 1633//36 1649//36 1648//36
f 1633//36 1634//36 1650//36 1649//36
f 1634//36 1635//36 1651//36 1650//36
f 1635//36 1636//36 1652//36 1651//36
f 1636//36 1637//36 1653//36 1652//36
f 1637//36 1638//36 1654//36 1653//36
f 1638//36 1639//36 1655//36 1654//36
f 1641//19 1640//19 1656//19 1657//19
f 1640//19 1642//19 1658//19 1656//19
f 1642//36 1643//36 1659//36 1658//36
f 1643//36 1644//36 1660//36 1659//36
f 1644//36 1645//36 1661//36 1660//36
f 1645//36 1646//36 1662//36 1661//36
f 1646//36 1647//36 1663//36 1662//36
f 1647//36 1648//36 1664//36 1663//36
f 1648//36 1649//36 1665//36 1664//36
f 1649//36 1650//36 1666//36 1665//36
f 1650//36 1651//36 1667//36 1666//36
f 1651//36 1652//36 1668//36 1667//36
f 1652//36 1653//36 1669//36 1668//36
f 1653//36 1654//36 1670//36 1669//36
f 1654//36 1655//36 1671//36 1670//36
f 1657//19 1656//19 1672//19 1673//19
f 1656//19 1658//19 1674//19 1672//19
f 1658//36 1659//36 1675//36 1674//36
f 1659//36 1660//36 1676//36 1675//36
f 1660//36 1661//36 1677//36 1676//36
f 1661//36 1662//36 1678//36 1677//36
f 1662//36 1663//36 1679//36 1678//36
f 1663//36 1664//36 1680//36 1679//36
f 1664//36 1665//36 1681//36 1680//36
f 1665//36 1666//36 1682//36 1681//36
f 1666//36 1667//36 1683//36 1682//36
f 1667//36 1668//36 1684//36 1683//36
f 1668//36 1669//36 1685//36 1684//36
f 1669//36 1670//36 1686//36 1685//36
f 1670//36 1671//36 1687//36 1686//36
f 1673//19 1672//19 1688//19 1264//19
f 1672//19 1674//19 1689//19 1688//19
f 1674//36 1675//36 1690//36 1689//36
f 1675//36 1676//36 1691//36 1690//36
f 1676//36 1677//36 1692//36 1691//36
f 1677//36 1678//36 1693//36 1692//36
f 1678//36 1679//36 1694//36 1693//36
f 1679//36 1680//36 1695//36 1694//36
f 1680//36 1681//36 1696//36 1695//36
f 1681//36 1682//36 1697//36 1696//36
f 1682//36 1683//36 1698//36 1697//36
f 1683//36 1684//36 1699//36 1698//36
f 1684//36 1685//36 1700//36 1699//36
f 1685//36 1686//36 1701//36 1700//36
f 1686//36 1687//36 1702//36 1701//36
f 1264//19 1688//19 1703//19 1265//19
f 1688//19 1689//19 1704//19 1703//19
f 1689//36 1690//36 1705//36 1704//36
f 1690//36 1691//36 1706//36 1705//36
f 1691//36 1692//36 1707//36 1706//36
f 1692//36 1693//36 1708//36 1707//36
f 1693//36 1694//36 1709//36 1708//36
f 1694//36 1695//36 1710//36 1709//36
f 1695//36 1696//36 1711//36 1710//36
f 1696//36 1697//36 1712//36 1711//36
f 1697//36 1698//36 1713//36 1712//36
f 1698//36 1699//36 1714//36 1713//36
f 1699//36 1700//36 1715//36 1714//36
f 1700//36 1701//36 1716//36 1715//36
f 1701//36 1702//36 1717//36 1716//36
f 1718//1 1719//1 1720//1 1721//1
f 1718//2 1722//2 1723//2 1719//2
f 1718//3 1721//3 1724//3 1722//3
f 1719//1 1725//1 1726//1 1720//1
f 1719//2 1723//2 1727//2 1725//2
f 1725//4 1727//4 1728//4 1726//4
f 1729//1 1730//1 1731//1 1732//1
f 1729//2 1733//2 1734//2 1730//2
f 1729//3 1732//3 1735//3 1733//3
f 1730//1 1736//1 1737//1 1731//1
f 1730//2 1734//2 1738//2 1736//2
f 1736//4 1738//4 1739//4 1737//4
f 1740//5 1741//5 1742//5 1743//5
f 1740//6 1744//6 1745//6 1741//6
f 1740//7 1743//7 1746//7 1744//7
f 1741//5 1747//5 1748//5 1742//5
f 1741//6 1745//6 1749//6 1747//6
f 1747//8 1749//8 1750//8 1748//8
f 1722//2 1751//2 1752//2 1723//2
f 1753//9 1754//9 1755//9 1724//9
f 1722//3 1724//3 1755//3 1751//3
f 1723//2 1752//2 1756//2 1727//2
f 1728//9 1757//9 1754//9 1753//9
f 1727//4 1756//4 1757//4 1728//4
f 1733//2 1758//2 1759//2 1734//2
f 1760//9 1761//9 1762//9 1735//9
f 1733//3 1735//3 1762//3 1758//3
f 1734//2 1759//2 1763//2 1738//2
f 1739//9 1764//9 1761//9 1760//9
f 1738//4 1763//4 1764//4 1739//4
f 1744//6 1765//6 1766//6 1745//6
f 1767//10 1768//10 1769//10 1746//10
f 1744//7 1746//7 1769//7 1765//7
f 1745//6 1766//6 1770//6 1749//6
f 1750//10 1771//10 1768//10 1767//10
f 1749//8 1770//8 1771//8 1750//8
f 1772//11 1773//11 1774//11 1775//11
f 1751//2 1773//2 1772//2 1752//2
f 1751//3 1755//3 1774//3 1773//3
f 1776//11 1772//11 1775//11 1777//11
f 1752//2 1772//2 1776//2 1756//2
f 1756//4 1776//4 1777//4 1757//4
f 1778//11 1779//11 1780//11 1781//11
f 1758//2 1779//2 1778//2 1759//2
f 1758//3 1762//3 1780//3 1779//3
f 1782//11 1778//11 1781//11 1783//11
f 1759//2 1778//2 1782//2 1763//2
f 1763//4 1782//4 1783//4 1764//4
f 1784//12 1785//12 1786//12 1787//12
f 1765//6 1785//6 1784//6 1766//6
f 1765//7 1769//7 1786//7 1785//7
f 1788//12 1784//12 1787//12 1789//12
f 1766//6 1784//6 1788//6 1770//6
f 1770//8 1788//8 1789//8 1771//8
f 1790//14 1791//14 1792//14 1793//14
f 1790//15 1794//15 1795//15 1791//15
f 1793//14 1792//14 1796//14 1797//14
f 1797//16 1796//16 1798//16 1799//16
f 1800//14 1801//14 1802//14 1803//14
f 1800//15 1804//15 1805//15 1801//15
f 1721//1 1720//1 1806//1 1807//1
f 1753//11 1724//11 1808//11 1809//11
f 1721//3 1807//3 1808//3 1724//3
f 1720//1 1726//1 1810//1 1806//1
f 1728//11 1753//11 1809//11 1811//11
f 1791//14 1812//14 1813//14 1792//14
f 1792//14 1813//14 1814//14 1796//14
f 1732//1 1731//1 1815//1 1816//1
f 1760//11 1735//11 1817//11 1818//11
f 1731//1 1737//1 1819//1 1815//1
f 1739//11 1760//11 1818//11 1820//11
f 1737//4 1739//4 1820//4 1819//4
f 1743//5 1742//5 1821//5 1822//5
f 1767//12 1746//12 1823//12 1824//12
f 1743//7 1822//7 1823//7 1746//7
f 1742//5 1748//5 1825//5 1821//5
f 1750//12 1767//12 1824//12 1826//12
f 1801//14 1827//14 1828//14 1802//14
f 1829//17 1830//17 1831//17 1832//17
f 1812//14 1830//14 1829//14 1813//14
f 1812//15 1833//15 1831//15 1830//15
f 1834//17 1829//17 1832//17 1835//17
f 1813//14 1829//14 1834//14 1814//14
f 1814//16 1834//16 1835//16 1836//16
f 1837//17 1838//17 1839//17 1840//17
f 1827//14 1838//14 1837//14 1828//14
f 1827//15 1841//15 1839//15 1838//15
f 1755//1 1754//1 1842//1 1843//1
f 1775//11 1774//11 1844//11 1845//11
f 1755//3 1843//3 1844//3 1774//3
f 1754//1 1757//1 1846//1 1842//1
f 1777//11 1775//11 1845//11 1847//11
f 1757//4 1777//4 1847//4 1846//4
f 1762//1 1761//1 1848//1 1849//1
f 1781//11 1780//11 1850//11 1851//11
f 1762//3 1849//3 1850//3 1780//3
f 1761//1 1764//1 1852//1 1848//1
f 1783//11 1781//11 1851//11 1853//11
f 1764//4 1783//4 1853//4 1852//4
f 1769//5 1768//5 1854//5 1855//5
f 1787//12 1786//12 1856//12 1857//12
f 1769//7 1855//7 1856//7 1786//7
f 1768//5 1771//5 1858//5 1854//5
f 1789//12 1787//12 1857//12 1859//12
f 1771//8 1789//8 1859//8 1858//8
f 1860//14 1861//14 1795//14 1794//14
f 1860//15 1862//15 1863//15 1861//15
f 1799//14 1798//14 1864//14 1865//14
f 1865//16 1864//16 1866//16 1867//16
f 1868//14 1869//14 1805//14 1804//14
f 1868//15 1870//15 1871//15 1869//15
f 1807//1 1806//1 1872//1 1873//1
f 1872//9 1874//9 1875//9 1873//9
f 1807//3 1873//3 1875//3 1808//3
f 1815//1 1819//1 1876//1 1877//1
f 1876//9 1878//9 1879//9 1877//9
f 1819//4 1820//4 1878//4 1876//4
f 1822//5 1821//5 1880//5 1881//5
f 1880//10 1882//10 1883//10 1881//10
f 1822//7 1881//7 1883//7 1823//7
f 1808//2 1843//2 1842//2 1809//2
f 1874//9 1884//9 1885//9 1875//9
f 1808//3 1875//3 1885//3 1843//3
f 1886//14 1887//14 1831//14 1833//14
f 1832//17 1831//17 1888//17 1889//17
f 1835//17 1832//17 1889//17 1890//17
f 1836//14 1835//14 1891//14 1892//14
f 1818//2 1848//2 1852//2 1820//2
f 1878//9 1893//9 1894//9 1879//9
f 1820//4 1852//4 1893//4 1878//4
f 1823//6 1855//6 1854//6 1824//6
f 1882//10 1895//10 1896//10 1883//10
f 1823//7 1883//7 1896//7 1855//7
f 1897//14 1898//14 1839//14 1841//14
f 1840//17 1839//17 1899//17 1900//17
f 1845//11 1844//11 1901//11 1902//11
f 1884//9 1902//9 1901//9 1885//9
f 1843//3 1885//3 1901//3 1844//3
f 1847//11 1845//11 1902//11 1903//11
f 1904//9 1903//9 1902//9 1884//9
f 1846//4 1847//4 1903//4 1904//4
f 1851//11 1850//11 1905//11 1906//11
f 1894//9 1906//9 1905//9 1907//9
f 1849//3 1907//3 1905//3 1850//3
f 1853//11 1851//11 1906//11 1908//11
f 1893//9 1908//9 1906//9 1894//9
f 1852//4 1853//4 1908//4 1893//4
f 1857//12 1856//12 1909//12 1910//12
f 1895//10 1910//10 1909//10 1896//10
f 1855//7 1896//7 1909//7 1856//7
f 1859//12 1857//12 1910//12 1911//12
f 1912//10 1911//10 1910//10 1895//10
f 1858//8 1859//8 1911//8 1912//8
f 1862//15 1913//15 1914//15 1863//15
f 1867//16 1866//16 1915//16 1916//16
f 1870//15 1917//15 1918//15 1871//15
f 1863//15 1914//15 1919//15 1920//15
f 1866//16 1921//16 1922//16 1915//16
f 1871//15 1918//15 1923//15 1924//15
f 1888//17 1925//17 1926//17 1927//17
f 1920//15 1919//15 1926//15 1925//15
f 1889//17 1888//17 1927//17 1928//17
f 1890//17 1889//17 1928//17 1929//17
f 1930//17 1890//17 1929//17 1931//17
f 1921//16 1930//16 1931//16 1922//16
f 1899//17 1932//17 1933//17 1934//17
f 1924//15 1923//15 1933//15 1932//15
f 1900//17 1899//17 1934//17 1935//17
f 1936//20 1937//20 1938//20 1939//20
f 1940//22 1941//22 1942//22 1943//22
f 1943//22 1942//22 1944//22 1945//22
f 1945//22 1944//22 1946//22 1947//22
f 1947//22 1946//22 1948//22 1949//22
f 1949//22 1948//22 1950//22 1951//22
f 1951//22 1950//22 1952//22 1953//22
f 1953//22 1952//22 1954//22 1955//22
f 1955//22 1954//22 1956//22 1957//22
f 1939//20 1938//20 1958//20 1959//20
f 1941//22 1960//22 1961//22 1942//22
f 1942//22 1961//22 1962//22 1944//22
f 1944//22 1962//22 1963//22 1946//22
f 1946//22 1963//22 1964//22 1948//22
f 1948//22 1964//22 1965//22 1950//22
f 1950//22 1965//22 1966//22 1952//22
f 1952//22 1966//22 1967//22 1954//22
f 1954//22 1967//22 1968//22 1956//22
f 1969//39 1970//39 1971//39 1972//39
f 1959//20 1958//20 1971//20 1970//20
f 1973//39 1969//39 1972//39 1974//39
f 1975//39 1973//39 1974//39 1976//39
f 1977//39 1975//39 1976//39 1978//39
f 1979//40 1980//40 1981//40 1982//40
f 1960//22 1980//22 1979//22 1961//22
f 1983//40 1979//40 1982//40 1984//40
f 1961//22 1979//22 1983//22 1962//22
f 1985//40 1983//40 1984//40 1986//40
f 1962//22 1983//22 1985//22 1963//22
f 1987//40 1985//40 1986//40 1988//40
f 1963//22 1985//22 1987//22 1964//22
f 1989//40 1987//40 1988//40 1990//40
f 1964//22 1987//22 1989//22 1965//22
f 1991//40 1989//40 1990//40 1992//40
f 1965//22 1989//22 1991//22 1966//22
f 1993//40 1991//40 1992//40 1994//40
f 1966//22 1991//22 1993//22 1967//22
f 1995//40 1993//40 1994//40 1996//40
f 1967//22 1993//22 1995//22 1968//22
f 1997//39 1998//39 1999//39 2000//39
f 2001//39 1997//39 2000//39 2002//39
f 1937//20 2003//20 2004//20 1938//20
f 1938//20 2004//20 2005//20 1958//20
f 1972//39 1971//39 2006//39 2007//39
f 1958//20 2005//20 2006//20 1971//20
f 1974//39 1972//39 2007//39 2008//39
f 1976//39 1974//39 2008//39 2009//39
f 1978//39 1976//39 2009//39 2010//39
f 2011//39 1978//39 2010//39 2012//39
f 2013//39 2011//39 2012//39 2014//39
f 2015//39 2013//39 2014//39 2016//39
f 2017//39 2015//39 2016//39 2018//39
f 2019//39 2017//39 2018//39 2020//39
f 2021//39 2019//39 2020//39 2022//39
f 2023//39 2021//39 2022//39 2024//39
f 1999//39 2023//39 2024//39 2025//39
f 2000//39 1999//39 2025//39 2026//39
f 2002//39 2000//39 2026//39 2027//39
f 2003//20 2028//20 2029//20 2004//20
f 2004//20 2029//20 2030//20 2005//20
f 2007//39 2006//39 2031//39 2032//39
f 2005//20 2030//20 2031//20 2006//20
f 2008//39 2007//39 2032//39 2033//39
f 2009//39 2008//39 2033//39 2034//39
f 2010//39 2009//39 2034//39 2035//39
f 2012//39 2010//39 2035//39 2036//39
f 2014//39 2012//39 2036//39 2037//39
f 2016//39 2014//39 2037//39 2038//39
f 2018//39 2016//39 2038//39 2039//39
f 2020//39 2018//39 2039//39 2040//39
f 2022//39 2020//39 2040//39 2041//39
f 2024//39 2022//39 2041//39 2042//39
f 2025//39 2024//39 2042//39 2043//39
f 2026//39 2025//39 2043//39 2044//39
f 2027//39 2026//39 2044//39 2045//39
f 2028//20 2046//20 2047//20 2029//20
f 2029//20 2047//20 2048//20 2030//20
f 2032//39 2031//39 2049//39 2050//39
f 2030//20 2048//20 2049//20 2031//20
f 2033//39 2032//39 2050//39 2051//39
f 2034//39 2033//39 2051//39 2052//39
f 2035//39 2034//39 2052//39 2053//39
f 2036//39 2035//39 2053//39 2054//39
f 2037//39 2036//39 2054//39 2055//39
f 2038//39 2037//39 2055//39 2056//39
f 2039//39 2038//39 2056//39 2057//39
f 2040//39 2039//39 2057//39 2058//39
f 2041//39 2040//39 2058//39 2059//39
f 2042//39 2041//39 2059//39 2060//39
f 2043//39 2042//39 2060//39 2061//39
f 2044//39 2043//39 2061//39 2062//39
f 2045//39 2044//39 2062//39 2063//39
f 2046//20 2064//20 2065//20 2047//20
f 2047//20 2065//20 2066//20 2048//20
f 2050//39 2049//39 2067//39 2068//39
f 2048//20 2066//20 2067//20 2049//20
f 2051//39 2050//39 2068//39 2069//39
f 2052//39 2051//39 2069//39 2070//39
f 2053//39 2052//39 2070//39 2071//39
f 2054//39 2053//39 2071//39 2072//39
f 2055//39 2054//39 2072//39 2073//39
f 2056//39 2055//39 2073//39 2074//39
f 2057//39 2056//39 2074//39 2075//39
f 2058//39 2057//39 2075//39 2076//39
f 2059//39 2058//39 2076//39 2077//39
f 2060//39 2059//39 2077//39 2078//39
f 2061//39 2060//39 2078//39 2079//39
f 2062//39 2061//39 2079//39 2080//39
f 2063//39 2062//39 2080//39 2081//39
f 2064//20 2082//20 2083//20 2065//20
f 2065//20 2083//20 2084//20 2066//20
f 2068//39 2067//39 2085//39 2086//39
f 2066//20 2084//20 2085//20 2067//20
f 2069//39 2068//39 2086//39 2087//39
f 2070//39 2069//39 2087//39 2088//39
f 2071//39 2070//39 2088//39 2089//39
f 2072//39 2071//39 2089//39 2090//39
f 2073//39 2072//39 2090//39 2091//39
f 2074//39 2073//39 2091//39 2092//39
f 2075//39 2074//39 2092//39 2093//39
f 2076//39 2075//39 2093//39 2094//39
f 2077//39 2076//39 2094//39 2095//39
f 2078//39 2077//39 2095//39 2096//39
f 2079//39 2078//39 2096//39 2097//39
f 2080//39 2079//39 2097//39 2098//39
f 2081//39 2080//39 2098//39 2099//39
f 2082//20 1083//20 2100//20 2083//20
f 2083//20 2100//20 2101//20 2084//20
f 2086//39 2085//39 2102//39 2103//39
f 2084//20 2101//20 2102//20 2085//20
f 2087//39 2086//39 2103//39 2104//39
f 2088//39 2087//39 2104//39 2105//39
f 2089//39 2088//39 2105//39 2106//39
f 2090//39 2089//39 2106//39 2107//39
f 2091//39 2090//39 2107//39 2108//39
f 2092//39 2091//39 2108//39 2109//39
f 2093//39 2092//39 2109//39 2110//39
f 2094//39 2093//39 2110//39 2111//39
f 2095//39 2094//39 2111//39 2112//39
f 2096//39 2095//39 2112//39 2113//39
f 2097//39 2096//39 2113//39 2114//39
f 2098//39 2097//39 2114//39 2115//39
f 2099//39 2098//39 2115//39 2116//39
f 2117//20 1129//20 2118//20 2100//20
f 2100//20 2118//20 2119//20 2101//20
f 2103//39 2102//39 2120//39 2121//39
f 2101//20 2119//20 2120//20 2102//20
f 2104//39 2103//39 2121//39 2122//39
f 2105//39 2104//39 2122//39 2123//39
f 2106//39 2105//39 2123//39 2124//39
f 2107//39 2106//39 2124//39 2125//39
f 2108//39 2107//39 2125//39 2126//39
f 2109//39 2108//39 2126//39 2127//39
f 2110//39 2109//39 2127//39 2128//39
f 2111//39 2110//39 2128//39 2129//39
f 2112//39 2111//39 2129//39 2130//39
f 2113//39 2112//39 2130//39 2131//39
f 2114//39 2113//39 2131//39 2132//39
f 2115//39 2114//39 2132//39 2133//39
f 2116//39 2115//39 2133//39 2134//39
f 1129//20 1170//20 2135//20 2118//20
f 2118//20 2135//20 2136//20 2119//20
f 2121//39 2120//39 2137//39 2138//39
f 2119//20 2136//20 2137//20 2120//20
f 2122//39 2121//39 2138//39 2139//39
f 2123//39 2122//39 2139//39 2140//39
f 2124//39 2123//39 2140//39 2141//39
f 2125//39 2124//39 2141//39 2142//39
f 2126//39 2125//39 2142//39 2143//39
f 2127//39 2126//39 2143//39 2144//39
f 2128//39 2127//39 2144//39 2145//39
f 2129//39 2128//39 2145//39 2146//39
f 2130//39 2129//39 2146//39 2147//39
f 2131//39 2130//39 2147//39 2148//39
f 2132//39 2131//39 2148//39 2149//39
f 2133//39 2132//39 2149//39 2150//39
f 2134//39 2133//39 2150//39 2151//39
f 1170//20 1203//20 2152//20 2135//20
f 2135//20 2152//20 2153//20 2136//20
f 2138//39 2137//39 2154//39 2155//39
f 2136//20 2153//20 2154//20 2137//20
f 2139//39 2138//39 2155//39 2156//39
f 2140//39 2139//39 2156//39 2157//39
f 2141//39 2140//39 2157//39 2158//39
f 2142//39 2141//39 2158//39 2159//39
f 2143//39 2142//39 2159//39 2160//39
f 2144//39 2143//39 2160//39 2161//39
f 2145//39 2144//39 2161//39 2162//39
f 2146//39 2145//39 2162//39 2163//39
f 2147//39 2146//39 2163//39 2164//39
f 2148//39 2147//39 2164//39 2165//39
f 2149//39 2148//39 2165//39 2166//39
f 2150//39 2149//39 2166//39 2167//39
f 2151//39 2150//39 2167//39 2168//39
f 1203//20 1242//20 2169//20 2152//20
f 2152//20 2169//20 2170//20 2153//20
f 2155//39 2154//39 2171//39 2172//39
f 2153//20 2170//20 2171//20 2154//20
f 2156//39 2155//39 2172//39 2173//39
f 2157//39 2156//39 2173//39 2174//39
f 2158//39 2157//39 2174//39 2175//39
f 2159//39 2158//39 2175//39 2176//39
f 2160//39 2159//39 2176//39 2177//39
f 2165//39 2164//39 2178//39 2179//39
f 2166//39 2165//39 2179//39 2180//39
f 2167//39 2166//39 2180//39 2181//39
f 2168//39 2167//39 2181//39 2182//39
f 2183//30 2184//30 2185//30 2186//30
f 2183//32 2187//32 2188//32 2184//32
f 2186//30 2185//30 2189//30 2190//30
f 2190//30 2189//30 2191//30 2192//30
f 2192//30 2191//30 2193//30 2194//30
f 2194//38 2193//38 2195//38 2196//38
f 2184//30 2197//30 2198//30 2185//30
f 2184//32 2188//32 2199//32 2197//32
f 2185//30 2198//30 2200//30 2189//30
f 2189//30 2200//30 2201//30 2191//30
f 2191//30 2201//30 2202//30 2193//30
f 2193//38 2202//38 2203//38 2195//38
f 2204//29 2205//29 2206//29 2207//29
f 2197//30 2205//30 2204//30 2198//30
f 2197//32 2199//32 2206//32 2205//32
f 2208//29 2204//29 2207//29 2209//29
f 2198//30 2204//30 2208//30 2200//30
f 2210//29 2208//29 2209//29 2211//29
f 2200//30 2208//30 2210//30 2201//30
f 2212//29 2210//29 2211//29 2213//29
f 2201//30 2210//30 2212//30 2202//30
f 2202//38 2212//38 2213//38 2203//38
f 1242//20 1277//20 2214//20 2169//20
f 2169//20 2214//20 2215//20 2170//20
f 2172//39 2171//39 2216//39 2217//39
f 2170//20 2215//20 2216//20 2171//20
f 2173//39 2172//39 2217//39 2218//39
f 2174//39 2173//39 2218//39 2219//39
f 2175//39 2174//39 2219//39 2220//39
f 2176//39 2175//39 2220//39 2221//39
f 2177//39 2176//39 2221//39 2222//39
f 2179//39 2178//39 2223//39 2224//39
f 2180//39 2179//39 2224//39 2225//39
f 2181//39 2180//39 2225//39 2226//39
f 2182//39 2181//39 2226//39 2227//39
f 2187//32 2228//32 2229//32 2188//32
f 2196//38 2195//38 2230//38 2231//38
f 2188//32 2229//32 2232//32 2199//32
f 2195//38 2203//38 2233//38 2230//38
f 2207//29 2206//29 2234//29 2235//29
f 2199//32 2232//32 2234//32 2206//32
f 2209//29 2207//29 2235//29 2236//29
f 2211//29 2209//29 2236//29 2237//29
f 2213//29 2211//29 2237//29 2238//29
f 2203//38 2213//38 2238//38 2233//38
f 2239//5 2240//5 2241//5 2242//5
f 2239//6 2243//6 2244//6 2240//6
f 2239//7 2242//7 2245//7 2243//7
f 2240//5 2246//5 2247//5 2241//5
f 2240//6 2244//6 2248//6 2246//6
f 2246//8 2248//8 2249//8 2247//8
f 2243//6 2250//6 2251//6 2244//6
f 2252//10 2253//10 2254//10 2245//10
f 2243//7 2245//7 2254//7 2250//7
f 2244//6 2251//6 2255//6 2248//6
f 2249//10 2256//10 2253//10 2252//10
f 2248//8 2255//8 2256//8 2249//8
f 2257//12 2258//12 2259//12 2260//12
f 2250//6 2258//6 2257//6 2251//6
f 2250//7 2254//7 2259//7 2258//7
f 2261//12 2257//12 2260//12 2262//12
f 2251//6 2257//6 2261//6 2255//6
f 2255//8 2261//8 2262//8 2256//8
f 1803//14 1802//14 2263//14 1407//14
f 1407//16 2263//16 2264//16 2265//16
f 1802//14 1828//14 2266//14 2263//14
f 2242//5 2241//5 2267//5 2268//5
f 2252//12 2245//12 2269//12 2270//12
f 2241//5 2247//5 2271//5 2267//5
f 2249//12 2252//12 2270//12 2272//12
f 2247//8 2249//8 2272//8 2271//8
f 2273//17 1837//17 1840//17 2274//17
f 1828//14 1837//14 2273//14 2266//14
f 2266//16 2273//16 2274//16 2275//16
f 2254//5 2253//5 2276//5 2277//5
f 2260//12 2259//12 2278//12 2279//12
f 2254//7 2277//7 2278//7 2259//7
f 2253//5 2256//5 2280//5 2276//5
f 2262//12 2260//12 2279//12 2281//12
f 2256//8 2262//8 2281//8 2280//8
f 2265//14 2264//14 2282//14 2283//14
f 2283//16 2282//16 2284//16 1474//16
f 2267//5 2271//5 2285//5 2286//5
f 2285//10 2287//10 2288//10 2286//10
f 2271//8 2272//8 2287//8 2285//8
f 2274//17 1840//17 1900//17 2289//17
f 2275//14 2274//14 2290//14 2291//14
f 2270//6 2276//6 2280//6 2272//6
f 2287//10 2292//10 2293//10 2288//10
f 2272//8 2280//8 2292//8 2287//8
f 2279//12 2278//12 2294//12 2295//12
f 2293//10 2295//10 2294//10 2296//10
f 2277//7 2296//7 2294//7 2278//7
f 2281//12 2279//12 2295//12 2297//12
f 2292//10 2297//10 2295//10 2293//10
f 2280//8 2281//8 2297//8 2292//8
f 1474//16 2284//16 2298//16 1475//16
f 2284//16 2299//16 2300//16 2298//16
f 2289//17 1900//17 1935//17 2301//17
f 2302//17 2289//17 2301//17 2303//17
f 2299//16 2302//16 2303//16 2300//16
f 1516//36 2304//36 2305//36 1517//36
f 2304//36 2306//36 2307//36 2305//36
f 2308//39 2001//39 2002//39 2309//39
f 2310//39 2308//39 2309//39 2311//39
f 2306//36 2310//36 2311//36 2307//36
f 1517//36 2305//36 2312//36 1540//36
f 2305//36 2307//36 2313//36 2312//36
f 2309//39 2002//39 2027//39 2314//39
f 2311//39 2309//39 2314//39 2315//39
f 2307//36 2311//36 2315//36 2313//36
f 1540//36 2312//36 2316//36 1555//36
f 2312//36 2313//36 2317//36 2316//36
f 2314//39 2027//39 2045//39 2318//39
f 2315//39 2314//39 2318//39 2319//39
f 2313//36 2315//36 2319//36 2317//36
f 1555//36 2316//36 2320//36 1570//36
f 2316//36 2317//36 2321//36 2320//36
f 2318//39 2045//39 2063//39 2322//39
f 2319//39 2318//39 2322//39 2323//39
f 2317//36 2319//36 2323//36 2321//36
f 1570//36 2320//36 2324//36 1597//36
f 2320//36 2321//36 2325//36 2324//36
f 2322//39 2063//39 2081//39 2326//39
f 2323//39 2322//39 2326//39 2327//39
f 2321//36 2323//36 2327//36 2325//36
f 1597//36 2324//36 2328//36 1612//36
f 2324//36 2325//36 2329//36 2328//36
f 2326//39 2081//39 2099//39 2330//39
f 2327//39 2326//39 2330//39 2331//39
f 2325//36 2327//36 2331//36 2329//36
f 1612//36 2328//36 2332//36 1639//36
f 2328//36 2329//36 2333//36 2332//36
f 2330//39 2099//39 2116//39 2334//39
f 2331//39 2330//39 2334//39 2335//39
f 2329//36 2331//36 2335//36 2333//36
f 1639//36 2332//36 2336//36 1655//36
f 2332//36 2333//36 2337//36 2336//36
f 2334//39 2116//39 2134//39 2338//39
f 2335//39 2334//39 2338//39 2339//39
f 2333//36 2335//36 2339//36 2337//36
f 1655//36 2336//36 2340//36 1671//36
f 2336//36 2337//36 2341//36 2340//36
f 2338//39 2134//39 2151//39 2342//39
f 2339//39 2338//39 2342//39 2343//39
f 2337//36 2339//36 2343//36 2341//36
f 1671//36 2340//36 2344//36 1687//36
f 2340//36 2341//36 2345//36 2344//36
f 2342//39 2151//39 2168//39 2346//39
f 2343//39 2342//39 2346//39 2347//39
f 2341//36 2343//36 2347//36 2345//36
f 1687//36 2344//36 2348//36 1702//36
f 2344//36 2345//36 2349//36 2348//36
f 2346//39 2168//39 2182//39 2350//39
f 2347//39 2346//39 2350//39 2351//39
f 2345//36 2347//36 2351//36 2349//36
f 1702//36 2348//36 2352//36 1717//36
f 2348//36 2349//36 2353//36 2352//36
f 2350//39 2182//39 2227//39 2354//39
f 2351//39 2350//39 2354//39 2355//39
f 2349//36 2351//36 2355//36 2353//36
f 2356//19 2357//19 2358//19 2359//19
f 2356//20 2359//20 2360//20 2361//20
f 2357//19 2362//19 2363//19 2358//19
f 2362//19 2364//19 2365//19 2363//19
f 2364//19 2366//19 2367//19 2365//19
f 2366//19 2368//19 2369//19 2367//19
f 2368//19 2370//19 2371//19 2369//19
f 2370//19 2372//19 2373//19 2371//19
f 2372//19 2374//19 2375//19 2373//19
f 2374//19 2376//19 2377//19 2375//19
f 2376//19 2378//19 2379//19 2377//19
f 2378//19 2380//19 2381//19 2379//19
f 2380//19 2382//19 2383//19 2381//19
f 2382//19 2384//19 2385//19 2383//19
f 2384//19 2386//19 2387//19 2385//19
f 2361//20 2360//20 2388//20 2389//20
f 2389//20 2388//20 2390//20 2391//20
f 2391//20 2390//20 2392//20 2393//20
f 2393//20 2392//20 2394//20 2395//20
f 2395//20 2394//20 2396//20 2397//20
f 2397//20 2396//20 2398//20 2399//20
f 2399//20 2398//20 2400//20 2401//20
f 2401//20 2400//20 2402//20 2403//20
f 2403//20 2402//20 2404//20 2405//20
f 2405//20 2404//20 2406//20 2407//20
f 2407//20 2406//20 2408//20 2409//20
f 2409//20 2408//20 2410//20 2411//20
f 2359//19 2358//19 2412//19 2413//19
f 2359//20 2413//20 2414//20 2360//20
f 2358//19 2363//19 2415//19 2412//19
f 2363//19 2365//19 2416//19 2415//19
f 2365//19 2367//19 2417//19 2416//19
f 2367//19 2369//19 2418//19 2417//19
f 2369//19 2371//19 2419//19 2418//19
f 2419//41 2420//41 2421//41 2418//41
f 2371//19 2373//19 2422//19 2419//19
f 2422//41 2423//41 2420//41 2419//41
f 2373//19 2375//19 2424//19 2422//19
f 2424//41 2425//41 2423//41 2422//41
f 2375//19 2377//19 2426//19 2424//19
f 2426//41 2427//41 2425//41 2424//41
f 2377//19 2379//19 2428//19 2426//19
f 2428//41 2429//41 2427//41 2426//41
f 2379//19 2381//19 2430//19 2428//19
f 2430//41 2431//41 2429//41 2428//41
f 2381//19 2383//19 2432//19 2430//19
f 2383//19 2385//19 2433//19 2432//19
f 2385//19 2387//19 2434//19 2433//19
f 2360//20 2414//20 2435//20 2388//20
f 2420//41 2436//41 2437//41 2421//41
f 2423//41 2438//41 2436//41 2420//41
f 2425//41 2439//41 2438//41 2423//41
f 2427//41 2440//41 2439//41 2425//41
f 2429//41 2441//41 2440//41 2427//41
f 2431//41 2442//41 2441//41 2429//41
f 2388//20 2435//20 2443//20 2390//20
f 2436//41 2444//41 2445//41 2437//41
f 2438//41 2446//41 2444//41 2436//41
f 2439//41 2447//41 2446//41 2438//41
f 2440//41 2448//41 2447//41 2439//41
f 2441//41 2449//41 2448//41 2440//41
f 2442//41 2450//41 2449//41 2441//41
f 2451//41 2452//41 2453//41 2443//41
f 2390//20 2443//20 2453//20 2392//20
f 2454//41 2455//41 2452//41 2451//41
f 2456//41 2457//41 2455//41 2454//41
f 2458//41 2459//41 2457//41 2456//41
f 2445//41 2460//41 2459//41 2458//41
f 2444//41 2461//41 2460//41 2445//41
f 2446//41 2462//41 2461//41 2444//41
f 2447//41 2463//41 2462//41 2446//41
f 2448//41 2464//41 2463//41 2447//41
f 2449//41 2465//41 2464//41 2448//41
f 2450//41 2466//41 2465//41 2449//41
f 2467//41 2468//41 2466//41 2450//41
f 2469//41 2470//41 2468//41 2467//41
f 2471//41 2472//41 2470//41 2469//41
f 2452//41 2473//41 2474//41 2453//41
f 2392//20 2453//20 2474//20 2394//20
f 2455//41 2475//41 2473//41 2452//41
f 2457//41 2476//41 2475//41 2455//41
f 2459//41 2477//41 2476//41 2457//41
f 2460//41 2478//41 2477//41 2459//41
f 2461//41 2479//41 2478//41 2460//41
f 2462//41 2480//41 2479//41 2461//41
f 2463//41 2481//41 2480//41 2462//41
f 2464//41 2482//41 2481//41 2463//41
f 2465//41 2483//41 2482//41 2464//41
f 2466//41 2484//41 2483//41 2465//41
f 2468//41 2485//41 2484//41 2466//41
f 2470//41 2486//41 2485//41 2468//41
f 2472//41 2487//41 2486//41 2470//41
f 2473//41 2488//41 2489//41 2474//41
f 2394//20 2474//20 2489//20 2396//20
f 2475//41 2490//41 2488//41 2473//41
f 2476//41 2491//41 2490//41 2475//41
f 2492//31 2493//31 2494//31 2495//31
f 2496//31 2497//31 2493//31 2492//31
f 2498//31 2499//31 2497//31 2496//31
f 2500//31 2501//31 2499//31 2498//31
f 2502//31 2503//31 2501//31 2500//31
f 2504//31 2505//31 2503//31 2502//31
f 2506//31 2507//31 2505//31 2504//31
f 2508//31 2509//31 2507//31 2506//31
f 2510//31 2511//31 2509//31 2508//31
f 2512//31 2513//31 2511//31 2510//31
f 2487//41 2514//41 2515//41 2486//41
f 2488//41 2516//41 2517//41 2489//41
f 2396//20 2489//20 2517//20 2398//20
f 2490//41 2518//41 2516//41 2488//41
f 2491//41 2519//41 2518//41 2490//41
f 2493//31 2520//31 2521//31 2494//31
f 2497//31 2522//31 2520//31 2493//31
f 2499//31 2523//31 2522//31 2497//31
f 2501//31 2524//31 2523//31 2499//31
f 2503//31 2525//31 2524//31 2501//31
f 2505//31 2526//31 2525//31 2503//31
f 2507//31 2527//31 2526//31 2505//31
f 2509//31 2528//31 2527//31 2507//31
f 2511//31 2529//31 2528//31 2509//31
f 2513//31 2530//31 2529//31 2511//31
f 2514//41 2531//41 2532//41 2515//41
f 2516//41 2533//41 2534//41 2517//41
f 2398//20 2517//20 2534//20 2400//20
f 2518//41 2535//41 2533//41 2516//41
f 2519//41 2536//41 2535//41 2518//41
f 2537//41 2538//41 2536//41 2519//41
f 2539//41 2540//41 2538//41 2537//41
f 2541//41 2542//41 2540//41 2539//41
f 2543//41 2544//41 2542//41 2541//41
f 2545//41 2546//41 2544//41 2543//41
f 2547//41 2548//41 2546//41 2545//41
f 2549//41 2550//41 2548//41 2547//41
f 2551//41 2552//41 2550//41 2549//41
f 2553//41 2554//41 2552//41 2551//41
f 2532//41 2555//41 2554//41 2553//41
f 2531//41 2556//41 2555//41 2532//41
f 2533//41 2557//41 2558//41 2534//41
f 2400//20 2534//20 2558//20 2402//20
f 2535//41 2559//41 2557//41 2533//41
f 2536//41 2560//41 2559//41 2535//41
f 2538//41 2561//41 2560//41 2536//41
f 2540//41 2562//41 2561//41 2538//41
f 2542//41 2563//41 2562//41 2540//41
f 2544//41 2564//41 2563//41 2542//41
f 2546//41 2565//41 2564//41 2544//41
f 2548//41 2566//41 2565//41 2546//41
f 2550//41 2567//41 2566//41 2548//41
f 2552//41 2568//41 2567//41 2550//41
f 2554//41 2569//41 2568//41 2552//41
f 2555//41 2570//41 2569//41 2554//41
f 2556//41 2571//41 2570//41 2555//41
f 2557//41 2572//41 2573//41 2558//41
f 2402//20 2558//20 2573//20 2404//20
f 2559//41 2574//41 2572//41 2557//41
f 2560//41 2575//41 2574//41 2559//41
f 2576//31 2577//31 2578//31 2579//31
f 2580//31 2581//31 2577//31 2576//31
f 2582//31 2583//31 2581//31 2580//31
f 2584//31 2585//31 2583//31 2582//31
f 2586//31 2587//31 2585//31 2584//31
f 2588//31 2589//31 2587//31 2586//31
f 2590//31 2591//31 2589//31 2588//31
f 2592//31 2593//31 2591//31 2590//31
f 2594//31 2595//31 2593//31 2592//31
f 2596//31 2597//31 2595//31 2594//31
f 2571//41 2598//41 2599//41 2570//41
f 2572//41 2600//41 2601//41 2573//41
f 2404//20 2573//20 2601//20 2406//20
f 2574//41 2602//41 2600//41 2572//41
f 2575//41 2603//41 2602//41 2574//41
f 2577//31 2604//31 2605//31 2578//31
f 2581//31 2606//31 2604//31 2577//31
f 2583//31 2607//31 2606//31 2581//31
f 2585//31 2608//31 2607//31 2583//31
f 2587//31 2609//31 2608//31 2585//31
f 2589//31 2610//31 2609//31 2587//31
f 2591//31 2611//31 2610//31 2589//31
f 2593//31 2612//31 2611//31 2591//31
f 2595//31 2613//31 2612//31 2593//31
f 2597//31 2614//31 2613//31 2595//31
f 2598//41 2615//41 2616//41 2599//41
f 2600//41 2617//41 2618//41 2601//41
f 2406//20 2601//20 2618//20 2408//20
f 2602//41 2619//41 2617//41 2600//41
f 2603//41 2620//41 2619//41 2602//41
f 2621//41 2622//41 2620//41 2603//41
f 2623//41 2624//41 2622//41 2621//41
f 2625//41 2626//41 2624//41 2623//41
f 2627//41 2628//41 2626//41 2625//41
f 2629//41 2630//41 2628//41 2627//41
f 2631//41 2632//41 2630//41 2629//41
f 2633//41 2634//41 2632//41 2631//41
f 2635//41 2636//41 2634//41 2633//41
f 2637//41 2638//41 2636//41 2635//41
f 2616//41 2639//41 2638//41 2637//41
f 2615//41 2640//41 2639//41 2616//41
f 2617//41 2641//41 2642//41 2618//41
f 2408//20 2618//20 2642//20 2410//20
f 2619//41 2643//41 2641//41 2617//41
f 2620//41 2644//41 2643//41 2619//41
f 2622//41 2645//41 2644//41 2620//41
f 2624//41 2646//41 2645//41 2622//41
f 2626//41 2647//41 2646//41 2624//41
f 2628//41 2648//41 2647//41 2626//41
f 2630//41 2649//41 2648//41 2628//41
f 2632//41 2650//41 2649//41 2630//41
f 2634//41 2651//41 2650//41 2632//41
f 2636//41 2652//41 2651//41 2634//41
f 2638//41 2653//41 2652//41 2636//41
f 2639//41 2654//41 2653//41 2638//41
f 2640//41 2655//41 2654//41 2639//41
f 2413//19 2412//19 2656//19 2657//19
f 2413//20 2657//20 2658//20 2414//20
f 2659//28 2660//28 2661//28 2662//28
f 2660//28 2663//28 2664//28 2661//28
f 2663//28 2665//28 2666//28 2664//28
f 2417//19 2418//19 2667//19 2668//19
f 2418//36 2421//36 2669//36 2667//36
f 2430//19 2432//19 2670//19 2671//19
f 2430//20 2671//20 2672//20 2431//20
f 2673//28 2674//28 2675//28 2676//28
f 2674//28 2677//28 2678//28 2675//28
f 2414//20 2658//20 2679//20 2435//20
f 2421//36 2437//36 2680//36 2669//36
f 2431//20 2672//20 2681//20 2442//20
f 2451//39 2443//39 2682//39 2683//39
f 2435//20 2679//20 2682//20 2443//20
f 2454//39 2451//39 2683//39 2684//39
f 2456//39 2454//39 2684//39 2685//39
f 2458//39 2456//39 2685//39 2686//39
f 2445//39 2458//39 2686//39 2687//39
f 2437//36 2445//36 2687//36 2680//36
f 2467//39 2450//39 2688//39 2689//39
f 2442//20 2681//20 2688//20 2450//20
f 2469//39 2467//39 2689//39 2690//39
f 2471//39 2469//39 2690//39 2691//39
f 2657//19 2656//19 2692//19 2693//19
f 2657//20 2693//20 2694//20 2658//20
f 2662//28 2661//28 2695//28 2696//28
f 2661//28 2664//28 2697//28 2695//28
f 2664//28 2666//28 2698//28 2697//28
f 2668//19 2667//19 2699//19 2700//19
f 2667//36 2669//36 2701//36 2699//36
f 2671//19 2670//19 2702//19 2703//19
f 2671//20 2703//20 2704//20 2672//20
f 2676//28 2675//28 2705//28 2706//28
f 2675//28 2678//28 2707//28 2705//28
f 2658//20 2694//20 2708//20 2679//20
f 2669//36 2680//36 2709//36 2701//36
f 2672//20 2704//20 2710//20 2681//20
f 2683//39 2682//39 2711//39 2712//39
f 2679//20 2708//20 2711//20 2682//20
f 2684//39 2683//39 2712//39 2713//39
f 2685//39 2684//39 2713//39 2714//39
f 2686//39 2685//39 2714//39 2715//39
f 2687//39 2686//39 2715//39 2716//39
f 2680//36 2687//36 2716//36 2709//36
f 2689//39 2688//39 2717//39 2718//39
f 2681//20 2710//20 2717//20 2688//20
f 2690//39 2689//39 2718//39 2719//39
f 2691//39 2690//39 2719//39 2720//39
f 2721//28 2722//28 2723//28 2724//28
f 2721//30 2725//30 2726//30 2722//30
f 2721//32 2724//32 2727//32 2725//32
f 2722//28 2728//28 2729//28 2723//28
f 2722//30 2726//30 2730//30 2728//30
f 2728//28 2731//28 2732//28 2729//28
f 2728//30 2730//30 2733//30 2731//30
f 2731//28 2734//28 2735//28 2732//28
f 2731//30 2733//30 2736//30 2734//30
f 2734//38 2736//38 2737//38 2735//38
f 2725//30 2738//30 2739//30 2726//30
f 2725//32 2727//32 2740//32 2738//32
f 2726//30 2739//30 2741//30 2730//30
f 2730//30 2741//30 2742//30 2733//30
f 2733//30 2742//30 2743//30 2736//30
f 2736//38 2743//38 2744//38 2737//38
f 2738//30 2745//30 2746//30 2739//30
f 2738//32 2740//32 2747//32 2745//32
f 2739//30 2746//30 2748//30 2741//30
f 2741//30 2748//30 2749//30 2742//30
f 2742//30 2749//30 2750//30 2743//30
f 2743//38 2750//38 2751//38 2744//38
f 2745//30 2752//30 2753//30 2746//30
f 2745//32 2747//32 2754//32 2752//32
f 2746//30 2753//30 2755//30 2748//30
f 2748//30 2755//30 2756//30 2749//30
f 2749//30 2756//30 2757//30 2750//30
f 2750//38 2757//38 2758//38 2751//38
f 2752//30 2759//30 2760//30 2753//30
f 2752//32 2754//32 2761//32 2759//32
f 2753//30 2760//30 2762//30 2755//30
f 2755//30 2762//30 2763//30 2756//30
f 2756//30 2763//30 2764//30 2757//30
f 2757//38 2764//38 2765//38 2758//38
f 2693//19 2692//19 2766//19 2767//19
f 2766//41 2768//41 2769//41 2767//41
f 2693//20 2767//20 2769//20 2694//20
f 2692//19 2770//19 2771//19 2766//19
f 2771//41 2772//41 2768//41 2766//41
f 2770//19 2773//19 2774//19 2771//19
f 2774//41 2775//41 2772//41 2771//41
f 2773//19 2700//19 2776//19 2774//19
f 2776//41 2777//41 2775//41 2774//41
f 2700//19 2699//19 2778//19 2776//19
f 2778//41 2779//41 2777//41 2776//41
f 2699//36 2701//36 2779//36 2778//36
f 2703//19 2702//19 2780//19 2781//19
f 2780//41 2782//41 2783//41 2781//41
f 2703//20 2781//20 2783//20 2704//20
f 2702//19 2784//19 2785//19 2780//19
f 2785//41 2786//41 2782//41 2780//41
f 2784//19 2787//19 2788//19 2785//19
f 2788//41 2789//41 2786//41 2785//41
f 2768//41 2790//41 2791//41 2769//41
f 2694//20 2769//20 2791//20 2708//20
f 2772//41 2792//41 2790//41 2768//41
f 2775//41 2793//41 2792//41 2772//41
f 2777//41 2794//41 2793//41 2775//41
f 2779//41 2795//41 2794//41 2777//41
f 2701//36 2709//36 2795//36 2779//36
f 2782//41 2796//41 2797//41 2783//41
f 2704//20 2783//20 2797//20 2710//20
f 2786//41 2798//41 2796//41 2782//41
f 2789//41 2799//41 2798//41 2786//41
f 2712//39 2711//39 2800//39 2801//39
f 2790//41 2801//41 2800//41 2791//41
f 2708//20 2791//20 2800//20 2711//20
f 2713//39 2712//39 2801//39 2802//39
f 2792//41 2802//41 2801//41 2790//41
f 2714//39 2713//39 2802//39 2803//39
f 2793//41 2803//41 2802//41 2792//41
f 2715//39 2714//39 2803//39 2804//39
f 2794//41 2804//41 2803//41 2793//41
f 2716//39 2715//39 2804//39 2805//39
f 2795//41 2805//41 2804//41 2794//41
f 2709//36 2716//36 2805//36 2795//36
f 2718//39 2717//39 2806//39 2807//39
f 2796//41 2807//41 2806//41 2797//41
f 2710//20 2797//20 2806//20 2717//20
f 2719//39 2718//39 2807//39 2808//39
f 2798//41 2808//41 2807//41 2796//41
f 2720//39 2719//39 2808//39 2809//39
f 2799//41 2809//41 2808//41 2798//41
f 2724//28 2723//28 2810//28 2811//28
f 2724//32 2811//32 2812//32 2727//32
f 2723//28 2729//28 2813//28 2810//28
f 2729//28 2732//28 2814//28 2813//28
f 2732//28 2735//28 2815//28 2814//28
f 2735//38 2737//38 2816//38 2815//38
f 2727//32 2812//32 2817//32 2740//32
f 2737//38 2744//38 2818//38 2816//38
f 2740//32 2817//32 2819//32 2747//32
f 2744//38 2751//38 2820//38 2818//38
f 2747//32 2819//32 2821//32 2754//32
f 2751//38 2758//38 2822//38 2820//38
f 2754//32 2821//32 2823//32 2761//32
f 2758//38 2765//38 2824//38 2822//38
f 2811//28 2810//28 2825//28 2826//28
f 2825//31 2827//31 2828//31 2826//31
f 2811//32 2826//32 2828//32 2812//32
f 2810//28 2813//28 2829//28 2825//28
f 2829//31 2830//31 2827//31 2825//31
f 2813//28 2814//28 2831//28 2829//28
f 2831//31 2832//31 2830//31 2829//31
f 2814//28 2815//28 2833//28 2831//28
f 2833//31 2834//31 2832//31 2831//31
f 2815//38 2816//38 2834//38 2833//38
f 2827//31 2835//31 2836//31 2828//31
f 2812//32 2828//32 2836//32 2817//32
f 2830//31 2837//31 2835//31 2827//31
f 2832//31 2838//31 2837//31 2830//31
f 2834//31 2839//31 2838//31 2832//31
f 2816//38 2818//38 2839//38 2834//38
f 2835//31 2840//31 2841//31 2836//31
f 2817//32 2836//32 2841//32 2819//32
f 2837//31 2842//31 2840//31 2835//31
f 2838//31 2843//31 2842//31 2837//31
f 2839//31 2844//31 2843//31 2838//31
f 2818//38 2820//38 2844//38 2839//38
f 2840//31 2845//31 2846//31 2841//31
f 2819//32 2841//32 2846//32 2821//32
f 2842//31 2847//31 2845//31 2840//31
f 2843//31 2848//31 2847//31 2842//31
f 2844//31 2849//31 2848//31 2843//31
f 2820//38 2822//38 2849//38 2844//38
f 2845//31 2850//31 2851//31 2846//31
f 2821//32 2846//32 2851//32 2823//32
f 2847//31 2852//31 2850//31 2845//31
f 2848//31 2853//31 2852//31 2847//31
f 2849//31 2854//31 2853//31 2848//31
f 2822//38 2824//38 2854//38 2849//38
f 2386//19 2855//19 2856//19 2387//19
f 2855//19 2857//19 2858//19 2856//19
f 2857//36 2859//36 2860//36 2858//36
f 2859//36 2861//36 2862//36 2860//36
f 2861//36 2863//36 2864//36 2862//36
f 2863//36 2865//36 2866//36 2864//36
f 2865//36 2867//36 2868//36 2866//36
f 2867//36 2869//36 2870//36 2868//36
f 2869//36 2871//36 2872//36 2870//36
f 2871//36 2873//36 2874//36 2872//36
f 2873//36 2875//36 2876//36 2874//36
f 2875//36 2877//36 2878//36 2876//36
f 2877//36 2879//36 2880//36 2878//36
f 2879//36 2881//36 2882//36 2880//36
f 2881//36 2883//36 2884//36 2882//36
f 2387//19 2856//19 2885//19 2434//19
f 2856//19 2858//19 2886//19 2885//19
f 2858//36 2860//36 2887//36 2886//36
f 2860//36 2862//36 2888//36 2887//36
f 2862//36 2864//36 2889//36 2888//36
f 2890//41 2891//41 2472//41 2471//41
f 2889//41 2892//41 2891//41 2890//41
f 2864//36 2866//36 2892//36 2889//36
f 2891//41 2893//41 2487//41 2472//41
f 2892//41 2894//41 2893//41 2891//41
f 2866//36 2868//36 2894//36 2892//36
f 2893//41 2895//41 2514//41 2487//41
f 2894//41 2896//41 2895//41 2893//41
f 2868//36 2870//36 2896//36 2894//36
f 2895//41 2897//41 2531//41 2514//41
f 2896//41 2898//41 2897//41 2895//41
f 2870//36 2872//36 2898//36 2896//36
f 2897//41 2899//41 2556//41 2531//41
f 2898//41 2900//41 2899//41 2897//41
f 2872//36 2874//36 2900//36 2898//36
f 2899//41 2901//41 2571//41 2556//41
f 2900//41 2902//41 2901//41 2899//41
f 2874//36 2876//36 2902//36 2900//36
f 2901//41 2903//41 2598//41 2571//41
f 2902//41 2904//41 2903//41 2901//41
f 2876//36 2878//36 2904//36 2902//36
f 2903//41 2905//41 2615//41 2598//41
f 2904//41 2906//41 2905//41 2903//41
f 2878//36 2880//36 2906//36 2904//36
f 2905//41 2907//41 2640//41 2615//41
f 2906//41 2908//41 2907//41 2905//41
f 2880//36 2882//36 2908//36 2906//36
f 2907//41 2909//41 2655//41 2640//41
f 2908//41 2910//41 2909//41 2907//41
f 2882//36 2884//36 2910//36 2908//36
f 2677//28 2911//28 2912//28 2678//28
f 2885//19 2886//19 2913//19 2914//19
f 2886//36 2887//36 2915//36 2913//36
f 2887//36 2888//36 2916//36 2915//36
f 2890//39 2471//39 2691//39 2917//39
f 2889//39 2890//39 2917//39 2918//39
f 2888//36 2889//36 2918//36 2916//36
f 2678//28 2912//28 2919//28 2707//28
f 2914//19 2913//19 2920//19 2921//19
f 2913//36 2915//36 2922//36 2920//36
f 2915//36 2916//36 2923//36 2922//36
f 2917//39 2691//39 2720//39 2924//39
f 2918//39 2917//39 2924//39 2925//39
f 2916//36 2918//36 2925//36 2923//36
f 2787//19 2921//19 2926//19 2788//19
f 2926//41 2927//41 2789//41 2788//41
f 2921//19 2920//19 2928//19 2926//19
f 2928//41 2929//41 2927//41 2926//41
f 2920//36 2922//36 2929//36 2928//36
f 2927//41 2930//41 2799//41 2789//41
f 2929//41 2931//41 2930//41 2927//41
f 2922//36 2923//36 2931//36 2929//36
f 2924//39 2720//39 2809//39 2932//39
f 2930//41 2932//41 2809//41 2799//41
f 2925//39 2924//39 2932//39 2933//39
f 2931//41 2933//41 2932//41 2930//41
f 2923//36 2925//36 2933//36 2931//36
f 2411//20 2410//20 2934//20 2214//20
f 2214//20 2934//20 2935//20 2215//20
f 2217//39 2216//39 2936//39 2937//39
f 2215//20 2935//20 2936//20 2216//20
f 2218//39 2217//39 2937//39 2938//39
f 2219//39 2218//39 2938//39 2939//39
f 2220//39 2219//39 2939//39 2940//39
f 2221//39 2220//39 2940//39 2941//39
f 2222//39 2221//39 2941//39 2942//39
f 2224//39 2223//39 2943//39 2944//39
f 2225//39 2224//39 2944//39 2945//39
f 2226//39 2225//39 2945//39 2946//39
f 2227//39 2226//39 2946//39 2947//39
f 2228//32 2948//32 2949//32 2229//32
f 2231//38 2230//38 2950//38 2951//38
f 2229//32 2949//32 2952//32 2232//32
f 2230//38 2233//38 2953//38 2950//38
f 2235//29 2234//29 2954//29 2955//29
f 2232//32 2952//32 2954//32 2234//32
f 2236//29 2235//29 2955//29 2956//29
f 2237//29 2236//29 2956//29 2957//29
f 2238//29 2237//29 2957//29 2958//29
f 2233//38 2238//38 2958//38 2953//38
f 2641//41 2959//41 2960//41 2642//41
f 2410//20 2642//20 2960//20 2934//20
f 2643//41 2961//41 2959//41 2641//41
f 2644//41 2962//41 2961//41 2643//41
f 2963//31 2964//31 2965//31 2966//31
f 2967//31 2968//31 2964//31 2963//31
f 2969//31 2970//31 2968//31 2967//31
f 2971//31 2972//31 2970//31 2969//31
f 2973//31 2974//31 2972//31 2971//31
f 2975//31 2976//31 2974//31 2973//31
f 2977//31 2978//31 2976//31 2975//31
f 2979//31 2980//31 2978//31 2977//31
f 2981//31 2982//31 2980//31 2979//31
f 2983//31 2984//31 2982//31 2981//31
f 2655//41 2985//41 2986//41 2654//41
f 2959//41 2987//41 2988//41 2960//41
f 2934//20 2960//20 2988//20 2935//20
f 2961//41 2989//41 2987//41 2959//41
f 2962//41 2990//41 2989//41 2961//41
f 2964//31 2991//31 2992//31 2965//31
f 2968//31 2993//31 2991//31 2964//31
f 2970//31 2994//31 2993//31 2968//31
f 2972//31 2995//31 2994//31 2970//31
f 2974//31 2996//31 2995//31 2972//31
f 2976//31 2997//31 2996//31 2974//31
f 2978//31 2998//31 2997//31 2976//31
f 2980//31 2999//31 2998//31 2978//31
f 2982//31 3000//31 2999//31 2980//31
f 2984//31 3001//31 3000//31 2982//31
f 2985//41 3002//41 3003//41 2986//41
f 2937//39 2936//39 3004//39 3005//39
f 2987//41 3005//41 3004//41 2988//41
f 2935//20 2988//20 3004//20 2936//20
f 2938//39 2937//39 3005//39 3006//39
f 2989//41 3006//41 3005//41 2987//41
f 2939//39 2938//39 3006//39 3007//39
f 2990//41 3007//41 3006//41 2989//41
f 2940//39 2939//39 3007//39 3008//39
f 3009//41 3008//41 3007//41 2990//41
f 2941//39 2940//39 3008//39 3010//39
f 3011//41 3010//41 3008//41 3009//41
f 2942//39 2941//39 3010//39 3012//39
f 3013//41 3012//41 3010//41 3011//41
f 3014//41 3015//41 3012//41 3013//41
f 3016//41 3017//41 3015//41 3014//41
f 3018//41 3019//41 3017//41 3016//41
f 3020//41 3021//41 3019//41 3018//41
f 2944//39 2943//39 3021//39 3022//39
f 3023//41 3022//41 3021//41 3020//41
f 2945//39 2944//39 3022//39 3024//39
f 3025//41 3024//41 3022//41 3023//41
f 2946//39 2945//39 3024//39 3026//39
f 3003//41 3026//41 3024//41 3025//41
f 2947//39 2946//39 3026//39 3027//39
f 3002//41 3027//41 3026//41 3003//41
f 2948//32 3028//32 3029//32 2949//32
f 2951//38 2950//38 3030//38 3031//38
f 2949//32 3029//32 3032//32 2952//32
f 2950//38 2953//38 3033//38 3030//38
f 2955//29 2954//29 3034//29 3035//29
f 2952//32 3032//32 3034//32 2954//32
f 2956//29 2955//29 3035//29 3036//29
f 2957//29 2956//29 3036//29 3037//29
f 2958//29 2957//29 3037//29 3038//29
f 2953//38 2958//38 3038//38 3033//38
f 3028//28 3039//28 3040//28 3041//28
f 3028//32 3041//32 3042//32 3029//32
f 3039//28 3043//28 3044//28 3040//28
f 3043//28 3045//28 3046//28 3044//28
f 3045//28 3031//28 3047//28 3046//28
f 3031//38 3030//38 3048//38 3047//38
f 3029//32 3042//32 3049//32 3032//32
f 3030//38 3033//38 3050//38 3048//38
f 3035//29 3034//29 3051//29 3052//29
f 3032//32 3049//32 3051//32 3034//32
f 3036//29 3035//29 3052//29 3053//29
f 3037//29 3036//29 3053//29 3054//29
f 3038//29 3037//29 3054//29 3055//29
f 3033//38 3038//38 3055//38 3050//38
f 2759//30 3056//30 3057//30 2760//30
f 2759//32 2761//32 3058//32 3056//32
f 2760//30 3057//30 3059//30 2762//30
f 2762//30 3059//30 3060//30 2763//30
f 2763//30 3060//30 3061//30 2764//30
f 2764//38 3061//38 3062//38 2765//38
f 3056//30 3063//30 3064//30 3057//30
f 3056//32 3058//32 3065//32 3063//32
f 3057//30 3064//30 3066//30 3059//30
f 3059//30 3066//30 3067//30 3060//30
f 3060//30 3067//30 3068//30 3061//30
f 3061//38 3068//38 3069//38 3062//38
f 3063//30 3041//30 3040//30 3064//30
f 3063//32 3065//32 3070//32 3041//32
f 3064//30 3040//30 3044//30 3066//30
f 3066//30 3044//30 3046//30 3067//30
f 3067//30 3046//30 3047//30 3068//30
f 3068//38 3047//38 3071//38 3069//38
f 3041//32 3070//32 3072//32 3042//32
f 3047//38 3048//38 3073//38 3071//38
f 3042//32 3072//32 3074//32 3049//32
f 3048//38 3050//38 3075//38 3073//38
f 3052//29 3051//29 3076//29 3077//29
f 3049//32 3074//32 3076//32 3051//32
f 3053//29 3052//29 3077//29 3078//29
f 3054//29 3053//29 3078//29 3079//29
f 3055//29 3054//29 3079//29 3080//29
f 3050//38 3055//38 3080//38 3075//38
f 2761//32 2823//32 3081//32 3058//32
f 2765//38 3062//38 3082//38 2824//38
f 3058//32 3081//32 3083//32 3065//32
f 3062//38 3069//38 3084//38 3082//38
f 3065//32 3083//32 3085//32 3070//32
f 3069//38 3071//38 3086//38 3084//38
f 3070//32 3085//32 3087//32 3072//32
f 3071//38 3073//38 3088//38 3086//38
f 3072//32 3087//32 3089//32 3074//32
f 3073//38 3075//38 3090//38 3088//38
f 3077//29 3076//29 3091//29 3092//29
f 3074//32 3089//32 3091//32 3076//32
f 3078//29 3077//29 3092//29 3093//29
f 3079//29 3078//29 3093//29 3094//29
f 3080//29 3079//29 3094//29 3095//29
f 3075//38 3080//38 3095//38 3090//38
f 2850//31 3096//31 3097//31 2851//31
f 2823//32 2851//32 3097//32 3081//32
f 2852//31 3098//31 3096//31 2850//31
f 2853//31 3099//31 3098//31 2852//31
f 2854//31 3100//31 3099//31 2853//31
f 2824//38 3082//38 3100//38 2854//38
f 3096//31 3101//31 3102//31 3097//31
f 3081//32 3097//32 3102//32 3083//32
f 3098//31 3103//31 3101//31 3096//31
f 3099//31 3104//31 3103//31 3098//31
f 3100//31 3105//31 3104//31 3099//31
f 3082//38 3084//38 3105//38 3100//38
f 3101//31 3106//31 3107//31 3102//31
f 3083//32 3102//32 3107//32 3085//32
f 3103//31 3108//31 3106//31 3101//31
f 3104//31 3109//31 3108//31 3103//31
f 3105//31 3110//31 3109//31 3104//31
f 3084//38 3086//38 3110//38 3105//38
f 3106//31 3111//31 3112//31 3107//31
f 3085//32 3107//32 3112//32 3087//32
f 3108//31 3113//31 3111//31 3106//31
f 3109//31 3114//31 3113//31 3108//31
f 3110//31 3115//31 3114//31 3109//31
f 3086//38 3088//38 3115//38 3110//38
f 3111//31 3116//31 3117//31 3112//31
f 3087//32 3112//32 3117//32 3089//32
f 3113//31 3118//31 3116//31 3111//31
f 3114//31 3119//31 3118//31 3113//31
f 3115//31 3120//31 3119//31 3114//31
f 3088//38 3090//38 3120//38 3115//38
f 3092//29 3091//29 3121//29 3122//29
f 3116//31 3122//31 3121//31 3117//31
f 3089//32 3117//32 3121//32 3091//32
f 3093//29 3092//29 3122//29 3123//29
f 3118//31 3123//31 3122//31 3116//31
f 3094//29 3093//29 3123//29 3124//29
f 3119//31 3124//31 3123//31 3118//31
f 3095//29 3094//29 3124//29 3125//29
f 3120//31 3125//31 3124//31 3119//31
f 3090//38 3095//38 3125//38 3120//38
f 2883//36 2352//36 3126//36 2884//36
f 2352//36 2353//36 3127//36 3126//36
f 2354//39 2227//39 2947//39 3128//39
f 2355//39 2354//39 3128//39 3129//39
f 2353//36 2355//36 3129//36 3127//36
f 2909//41 3130//41 2985//41 2655//41
f 2910//41 3131//41 3130//41 2909//41
f 2884//36 3126//36 3131//36 2910//36
f 3130//41 3132//41 3002//41 2985//41
f 3131//41 3133//41 3132//41 3130//41
f 3126//36 3127//36 3133//36 3131//36
f 3128//39 2947//39 3027//39 3134//39
f 3132//41 3134//41 3027//41 3002//41
f 3129//39 3128//39 3134//39 3135//39
f 3133//41 3135//41 3134//41 3132//41
f 3127//36 3129//36 3135//36 3133//36
